cz_name,cz_dates,viaf_id,nkc_id,birth,death,debut,firsttrans,langdict
"Adla, Zdeněk",1910-1990,62979248,jk01010115,1910,1990,1949,,
"Adlová, Věra",1919-1999,59498818,jk01010127,1919,1999,1946,,
"Ajvaz, Michal",1949-,27241264,jn19990000066,1949,,1989,,
"Alda, Jan",1901-1970,21924051,jk01010172,1901,1970,1926,,
"Altrichter, Michal",1965-,119368461,mzk2002102682,1965,,1993,,
"Andrejs, Jaroslav",1908-2002,25705915,jk01010278,1908,2002,1943,,
"Andronikova, Hana",1967-2011,24539139,ja20020079780,1967,2011,2001,,
"Arbes, Jakub",1840-1914,54185097,jk01010356,1840,1914,1870,,
"Aškenazy, Ludvík",1921-1986,59118946,jk01010398,1921,1986,1948,,
"Augusta, Josef",1903-1968,125283,jk01010421,1903,1968,1926,,
"Baar, Jindřich Šimon",1869-1925,54946709,jk01010468,1869,1925,1900,,
"Babula, Vladimír",1919-1966,83657937,jk01010510,1919,1966,1947,,
"Bajaja, Antonín",1942-,44717699,jk01010566,1942,,1982,,
"Balabán, Jan",1961-2010,58423267,jn19990202001,1961,2010,1995,,
"Balajka, Bohumil",1923-1994,24473200,jk01010605,1923,1994,1947,,
"Baňková, Markéta",1969-,96634007,mzk2002148271,1969,,2010,,
"Bart, Ilja",1910-1973,44715459,jk01010787,1910,1973,1933,,
"Bass, Eduard",1888-1946,41966931,jk01011066,1888,1946,1911,,
"Batlička, Otakar",1895-1942,37960245,jk01011126,1895,1942,1940,,
"Baudiš, Josef",1883-1933,68160319,jk01011136,1883,1933,1910,,
"Bednář, Kamil",1912-1972,47553268,jk01011314,1912,1972,1937,,
"Běhounek, František",1898-1973,51817132,jk01011367,1898,1973,1923,,
"Bellová, Bianca",1970-,85884130,xx0087781,1970,,2009,,
"Bělohradská, Hana",1929-2005,66648673,jk01011467,1929,2005,1962,,
"Bendová, Veronika",1974-,294833028,xx0164195,1974,,2012,,
"Beneš Třebízský, Václav",1849-1884,20750609,jk01011653,1849,1884,1873,,
"Beneš, Jan",1936-2007,97666935,jk01011587,1936,2007,1963,,
"Beneš, Karel Josef",1896-1969,37071193,jk01011622,1896,1969,1920,,
"Benešová, Božena",1873-1936,30330541,jk01011657,1873,1936,1909,,
"Bergrová, Zdenka",1923-2008,72509264,jk01011819,1923,2008,1946,,
"Berková, Alexandra",1949-2008,53328719,jk01011850,1949,2008,1986,,
"Bernardinová, Eva",1931-2016,119485206,jk01011882,1931,2016,1969,,
"Bernášková, Alena",1920-2007,83666958,jk01011891,1920,2007,1947,,
"Bezděčka, Pavel",1952-,306140572,jn20001103707,1952,,1997,,
"Bezděková, Zdeňka",1907-1999,47603170,jk01011964,1907,1999,1947,,
"Bezruč, Petr",1867-1958,7410342,jk01011993,1867,1958,1899,,
"Biebl, Konstantin",1898-1951,44433260,jk01012026,1898,1951,1924,,
"Biman, Stanislav",1938-,64418022,jk01012117,1938,,1976,,
"Binar, Ivan",1942-,64564205,jk01012120,1942,,1969,,
"Binar, Vladimír",1941-2016,15030269,jk01012122,1941,2016,1980,,
"Blatný, Ivan",1919-1990,39410335,jk01012262,1919,1990,1940,,
"Blažek, Vratislav",1925-1973,42729194,jk01012333,1925,1973,1958,,
"Bobek, Miroslav",1967-,84004637,jn20000400204,1967,,1997,,
"Boček, Evžen",1966-,260672246,jo2012711669,1966,,2000,,
"Boček, Jaroslav",1932-2003,27231371,jk01012421,1932,2003,1959,,
"Böhnel, Miroslav Bedřich",1886-1962,32742733,jk01012537,1886,1962,1908,,
"Bolavá, Anna",1981-,297997801,xx0166464,1981,,2013,,
"Bondy, Egon",1930-2007,2539712,jk01012610,1930,2007,1974,,
"Bor, Josef",1906-1979,14898299,jk01012626,1906,1979,1961,,
"Bořkovcová, Hana",1927-2009,83672530,jk01012732,1927,2009,1971,,
"Borkovec, Petr",1970-,49479767,jn19990218007,1970,,1990,,
"Borovička, Václav Pavel",1920-2004,18070505,jk01012684,1920,2004,1959,,
"Borská, Ilona",1928-2007,39912885,jk01012697,1928,2007,1956,,
"Bouček, Josef",1932-1995,83672936,jk01012782,1932,1995,1966,,
"Boučková, Tereza",1957-,32415814,jn19990209069,1957,,1992,,
"Brabcová, Zuzana",1959-,19860811,jn19990209070,1959,,1991,,
"Brabenec, Jiří",1911-1983,91704341,jk01012908,1911,1983,1943,,
"Brabenec, Vratislav",1943-,22020539,jn20010309458,1943,,1992,,
"Branald, Adolf",1910-2008,7403751,jk01012955,1910,2008,1934,,
"Braunová, Helena",1944-,32856264,xx0004744,1944,,1992,,
"Braunová, Petra",1967-,85389344,xx0013872,1967,,2003,,
"Brdečka, Jiří",1917-1982,7672064,jk01013050,1917,1982,1946,,
"Březina, Otokar",1868-1929,44341760,jk01020045,1868,1929,1895,,
"Březinová, Ivona",1964-,59391778,jn19990218010,1964,,1996,,
"Březovský, Bohuslav",1912-1976,8373588,jk01020054,1912,1976,1940,,
"Brikcius, Eugen",1942-,34751496,jn19990218008,1942,,1991,,
"Brož, Ivan",1938-2012,44689786,jk01013200,1938,2012,1972,,
"Brožová, Zdena",1946-,34371528,xx0000564,1946,,1990,,
"Brůhová, Milena",1931-2014,20307538,jk01013301,1931,2014,1973,,
"Brukner, Josef",1932-2015,12459159,jk01013304,1932,2015,1958,,
"Brycz, Pavel",1968-,43957918,jn20000400291,1968,,1993,,
"Bublík, Ladislav",1924-1988,83677471,jk01020097,1924,1988,1949,,
"Budinský, Václav",1948-,274301701,xx0008777,1948,,1979,,
"Burian, Emil František",1904-1959,100987352,jk01020348,1904,1959,1926,,
"Burian, Václav",1959-2014,17379276,jn20000400319,1959,2014,1993,,
"Čapek Chod, Karel Matěj",1860-1927,54187784,jk01021050,1860,1927,1892,,
"Čapek, Josef",1887-1945,29531402,jk01021020,1887,1945,1916,,
"Čapek, Karel",1890-1938,34454129,jk01021023,1890,1938,1917,,
"Čarek, Jan",1898-1966,536307,jk01021064,1898,1966,1920,,
"Čech, Pavel",1968-,46933309,jn20010309243,1968,,1998,,
"Čech, Svatopluk",1846-1908,47560290,jk01021137,1846,1908,1871,,
"Čechova, Dora",1971-,221497230,jo2012678362,1971,,2012,,
"Čechura, Rudolf",1931-2014,78359045,jk01021177,1931,2014,1969,,
"Čejka, Jaroslav",1943-,8690884,jk01021190,1943,,1968,,
"Čelakovský, František Ladislav",1799-1852,44312086,jk01021208,1799,1852,1822,,
"Čep, Jan",1902-1974,44339596,jk01021241,1902,1974,1926,,
"Čermák, Miloš",1968-,46915219,jn19981002583,1968,,1991,,
"Černá, Jana",1928-1981,59105176,jk01021384,1928,1981,1963,,
"Černá, Olga",1964-,306140991,js20020617021,1964,,2004,,
"Černický, Jiří",1966-,80991098,jn19990209120,1966,,1996,,
"Černík, Michal",1943-,65400419,jk01021422,1943,,1971,,
"Černík, Zbyněk",1951-,272741589,jk01021429,1951,,2008,,
"Černý, Adolf",1864-1952,68921082,jk01102633,1864,1952,1890,,
"Černý, Karel",1913-1985,306138063,jk01021589,1913,1985,1946,,
"Červenková, Jana",1939-,10257468,jk01021693,1939,,1963,,
"Červinková-Riegrová, Marie",1854-1895,72379825,jk01021755,1854,1895,1879,,
"Chlíbec, Bohdan",1963-,9065940,jn19990202002,1963,,1992,,
"Chocholoušek, Prokop",1819-1864,57514269,jk01050304,1819,1864,1843,,
"Chudožilov, Petr",1943-,188853935,jk01050390,1943,,1969,,
"Chvojková, Helena",1914-1988,7805171,jk01050449,1914,1988,1941,,
"Cimický, Jan",1948-,7449364,jk01020718,1948,,1976,,
"Cirkl, Jiří",1920-1996,62856517,jk01020753,1920,1996,1948,,
"Čivrný, Lumír",1915-2001,35347438,jk01021853,1915,2001,1938,,
"Cmíral, Pavel",1945-,76063906,jk01020791,1945,,1977,,
"Čtvrtek, Václav",1911-1976,41873407,jk01021929,1911,1976,1947,,
"Čunderle, Michal",1971-,68319022,jo20010094126,1971,,2001,,
"Čvančara, Karel",1882-1970,83690260,jk01021975,1882,1970,1906,,
"Dachovský, Karel",1949-,68800446,jn20000810197,1949,,1990,,
"Daněk Hnát, Jiří",1959-,96637997,jn19981001462,1959,,1995,,
"Daněk, Oldřich",1927-2000,97758196,jk01022017,1927,2000,1954,,
"Daněk, Václav",1929-,25012096,jk01022023,1929,,1959,,
"Dědková, Jarmila",1952-,83691388,jk01022157,1952,,1975,,
"Deml, Jakub",1878-1961,46772698,jk01022199,1878,1961,1900,,
"Denemarková, Radka",1968-,4268266,xx0002871,1968,,1998,,
"Děžinský, Milan",1974-,84001605,jn19990216044,1974,,1996,,
"Dietl, Jaroslav",1929-1985,71995730,jk01022264,1929,1985,1958,,
"Diviš, Ivan",1924-1999,44355999,jk01022321,1924,1999,1946,,
"Doležal, Miloš",1970-,34359804,jn19990218015,1970,,1995,,
"Dorovský, Ivan",1935-,54167812,jk01022745,1935,,1974,,
"Doskočilová, Hana",1936-,118529174,jk01022763,1936,,1961,,
"Dousková, Irena",1964-,28217678,jn19990216043,1964,,1997,,
"Drábek, David",1970-,12253690,xx0001586,1970,,2002,,
"Drda, Jan",1915-1970,163185334,jk01023037,1915,1970,1939,,
"Drijverová, Martina",1951-,71536031,jk01023067,1951,,1979,,
"Drvota, Mojmír",1923-2006,67760042,ola200207993,1923,2006,1994,,
"Dub, Ota",1909-1987,21046932,jk01023161,1909,1987,1931,,
"Durdíková, Lída",1899-1955,69419814,jk01023348,1899,1955,1921,,
"Durych, Jaroslav",1886-1962,66496121,jk01023358,1886,1962,1915,,
"Dušková, Danielle",1943-,21044693,jk01023432,1943,,1962,,
"Dutka, Edgar",1941-,72461584,jk01023445,1941,,1979,,
"Dvořáčková, Vlasta",1924-2018,26720682,jk01030050,1924,2018,1957,,
"Dvořák, Josef",1942-,79462268,jk01030146,1942,,1967,,
"Dvořák, Ladislav",1920-1983,292812511,jk01030164,1920,1983,1958,,
"Dvořáková, Petra",1977-,46525373,xx0044613,1977,,2006,,
"Dyk, Viktor",1877-1931,32074913,jk01030247,1877,1931,1897,,
"Effenberger, Vratislav",1923-1986,15186733,jk01030310,1923,1986,1963,,
"Erben, Karel Jaromír",1811-1870,54147355,jk01030532,1811,1870,1853,,
"Erben, Václav",1930-2003,46780209,jk01030537,1930,2003,1961,,
"Fábera, Miloslav",1912-1988,67089033,jk01030612,1912,1988,1940,,
"Fahrner, Martin",1964-,57743203,jo20010094189,1964,,1993,,
"Fiker, Eduard",1902-1961,25066380,jk01031116,1902,1961,1933,,
"Filip, Dominik",1879-1946,304648301,jk01031142,1879,1946,1906,,
"Filip, Jan",1911-1971,1980472,jk01031154,1911,1971,1928,,
"Filip, Ota",1930-2018,95178340,jk01031164,1930,2018,1968,,
"Fischerová, Daniela",1948-,32034790,jk01031301,1948,,1973,,
"Fischerová, Sylva",1963-,15182636,jn19981001161,1963,,1986,,
"Fischerová, Viola",1935-2010,61721095,jk01031308,1935,2010,1993,,
"Fischl, Viktor",1912-2006,93611328,jo19990047113,1912,2006,1933,,
"Florian, Miroslav",1931-1996,18016304,jk01031461,1931,1996,1948,,
"Foglar, Jaroslav",1907-1999,32799051,jk01031485,1907,1999,1934,,
"Formánek, Jaroslav",1960-,18454426,jn20000620077,1960,,1999,,
"Formánek, Josef",1969-,90554122,xx0014575,1969,,2003,,
"Frais, Josef",1946-2013,15182712,jk01031667,1946,2013,1978,,
"Francouz, Pavel",1932-1995,83711185,jk01031700,1932,1995,1974,,
"Franková, Hermína",1928-,15820229,jk01031754,1928,,1961,,
"Freiová, Ludmila",1926-2014,29101883,jk01031802,1926,2014,1960,,
"Frič, Alberto Vojtěch",1882-1944,74913006,jk01031861,1882,1944,1918,,
"Fridrich, Radek",1968-,52888219,jn99240000215,1968,,1996,,
"Fried, Jiří",1923-1999,14898460,jk01031928,1923,1999,1954,,
"Frýbová, Zdena",1934-2010,17299106,jk01032058,1934,2010,1963,,
"Frýd, Norbert",1913-1976,10757363,jk01032074,1913,1976,1945,,
"Frýda, František",1914-1999,234471922,jk01032076,1914,1999,1959,,
"Fuchsová, Irena",1950-,2168549,jo2002100653,1950,,2001,,
"Fučík, Julius",1903-1943,27873545,jk01032106,1903,1943,1931,,
"Fučíková, Renata",1964-,41971987,jn20001005412,1964,,1990,,
"Fuks, Ladislav",1923-1994,22183852,jk01032159,1923,1994,1958,,
"Galský, Desider",1921-1990,83714941,jk01032301,1921,1990,1958,,
"Gariš, Ivan",1923-1996,2025022,jk01032326,1923,1996,1973,,
"Gel, František",1901-1972,22609156,jk01032388,1901,1972,1931,,
"Georgiev, Adam",1980-,14391572,jn19990002620,1980,,1997,,
"Glazarová, Jarmila",1901-1977,24677185,jk01032464,1901,1977,1936,,
"Glocar, Emilián",1906-1985,1202866,jk01032470,1906,1985,1931,,
"Grmela, Jan",1895-1957,60076086,jk01032684,1895,1957,1921,,
"Grögerová, Bohumila",1921-2014,96640269,jk01032701,1921,2014,1991,,
"Gruša, Jiří",1938-2011,34457607,jk01032800,1938,2011,1962,,
"Hadrbolcová, Zdenka",1937-,161435478,jk01032978,1937,,1976,,
"Hájíček, Jiří",1967-,16865903,jn20000401144,1967,,1998,,
"Hájková, Pavla",1961-,71178388,xx0001536,1961,,2001,,
"Hakl, Emil",1958-,78715543,jn20000400849,1958,,1991,,
"Halas, František",1901-1949,27099101,jk01033200,1901,1949,1927,,
"Hálek, Vítězslav",1835-1874,59878610,jk01033219,1835,1874,1858,,
"Halmay, Petr",1958-,70598730,jn20000400860,1958,,1991,,
"Hanka, Václav",1791-1861,67260492,jk01033420,1791,1861,1815,,
"Hanuš, Miroslav",1907-1995,68154361,jk01033490,1907,1995,1940,,
"Hanzelka, Jiří",1920-2003,71466298,jk01033530,1920,2003,1952,,
"Harníček, Martin",1952-,69662605,jn20000710047,1952,,1991,,
"Hartl, Pavel",1934-,65745071,jn20000400895,1934,,1984,,
"Hašek, Jaroslav",1883-1923,4931097,jk01040097,1883,1923,1912,,
"Hásek, Jindřich",1947-2007,88374485,jk01040078,1947,2007,1985,,
"Havel, Václav",1936-2011,109312616,jk01040240,1936,2011,1963,,
"Havlasa, Jan",1883-1964,2143581,jk01040303,1883,1964,1902,,
"Havlíček Borovský, Karel",1821-1856,2504978,jk01040361,1821,1856,1843,,
"Havlíček, Jaroslav",1896-1943,33133124,jk01040338,1896,1943,1929,,
"Hejcman, Pavel",1927-,93702381,jk01040529,1927,,1959,,
"Hejda, Zbyněk",1930-2013,2503859,jk01040549,1930,2013,1964,,
"Hejkalová, Markéta",1960-,31370592,jn20010309322,1960,,1994,,
"Hejl, Vilém",1934-1989,7427398,jk01040563,1934,1989,1965,,
"Hejná, Olga",1928-2017,91709369,jk01040577,1928,2017,1962,,
"Henryková, Jitka",1921-,28890820,jk01040749,1921,,1965,,
"Henzl, Vladimír",1910-1978,34113733,jk01040751,1910,1978,1962,,
"Herben, Jan",1857-1936,71444288,jk01040780,1857,1936,1880,,
"Hercíková, Iva",1935-2007,76850786,jk01040797,1935,2007,1962,,
"Herold, Eduard",1820-1895,24444084,jk01040860,1820,1895,1861,,
"Heroldová-Šťovíčková, Dana",1929-1976,56661322,jk01131512,1929,1976,1964,,
"Herrmann, Ignát",1854-1935,56652118,jk01040882,1854,1935,1880,,
"Heteša, Petr",1959-,84927758,ola200205577,1959,,2007,,
"Hilarová, Dagmar",1928-1996,296254822,jk01041034,1928,1996,1975,,
"Hiršal, Josef",1920-2003,36969452,jk01041094,1920,2003,1940,,
"Hladík, Václav",1868-1913,83730493,jk01041120,1868,1913,1892,,
"Hodrová, Daniela",1946-,119375397,jk01041474,1946,,1986,,
"Hoffmeister, Adolf",1902-1973,113491422,jk01041528,1902,1973,1922,,
"Hofman, Ota",1928-1989,116155073,jk01041559,1928,1989,1961,,
"Hokeš, Tomáš",1968-,19635776,xx0024373,1968,,2004,,
"Holan, Emil",1905-1944,83734076,jk01041649,1905,1944,1934,,
"Holan, Vladimír",1905-1980,12227,jk01041653,1905,1980,1926,,
"Holeček, Josef",1853-1929,77172071,jk01041699,1853,1929,1876,,
"Holoubek, Jaroslav",1946-2016,65319355,jk01041772,1946,2016,1977,,
"Holub, Miroslav",1923-1998,71459062,jk01041818,1923,1998,1958,,
"Holubová, Miloslava",1913-2001,30393561,jk01041843,1913,2001,1961,,
"Holý, Kamil",1873-1952,60122982,jk01041858,1873,1952,1920,,
"Hons, Václav",1938-,70058195,jk01041939,1938,,1962,,
"Honzák, František",1949-,61597334,jn19990209256,1949,,1991,,
"Hora, Josef",1891-1945,29547209,jk01041989,1891,1945,1915,,
"Hořec, Jaromír",1921-2009,59129952,jk01042314,1921,2009,1946,,
"Horelová, Eliška",1925-2015,51289148,jk01042181,1925,2015,1956,,
"Horníček, Miroslav",1918-2003,32806042,jk01042235,1918,2003,1966,,
"Horváthová, Tereza",1973-,85506822,xx0033460,1973,,2004,,
"Hostovský, Egon",1908-1973,99900698,jk01042403,1908,1973,1926,,
"Houba, Karel",1920-1999,15179219,jk01042439,1920,1999,1958,,
"Hrabal, Bohumil",1914-1997,34458072,jk01042564,1914,1997,1956,,
"Hrabal, Milan",1954-,25012199,jk01042572,1954,,1981,,
"Hrnčíř, Svatopluk",1926-2014,232397903,jk01042788,1926,2014,1959,,
"Hroch, Karel",1906-1982,83741830,jk01042806,1906,1982,1936,,
"Hromádka, Miloš",1964-,84071414,jn20010310118,1964,,1996,,
"Hrubín, František",1910-1971,24614627,jk01042920,1910,1971,1933,,
"Hrubý, Josef",1932-2017,47551883,jk01042960,1932,2017,1960,,
"Hruška, Petr",1964-,4870437,jn19990209272,1964,,1994,,
"Hrušková, Marie",1939-,8940117,jn20000401097,1939,,1983,,
"Hudečková, Eva",1949-,70961684,jn19990209279,1949,,1992,,
"Hulák, Jaroslav",1920-1999,27099690,jn99240000334,1920,1999,1981,,
"Hůlová, Petra",1979-,59339491,jo2002111362,1979,,2002,,
"Hulpach, Vladimír",1935-,39378678,jn20001103804,1935,,1966,,
"Huňát, Marek",1974-,264386231,jn99240000673,1974,,1995,,
"Ivanov, Miroslav",1929-1999,19691033,jk01050574,1929,1999,1959,,
"Jágr, Miloslav",1927-1997,218750483,jk01050623,1927,1997,1974,,
"Jandourek, Jan",1965-,21366314,jn19990218032,1965,,1991,,
"Janouch, Jaroslav",1903-1970,72365875,jk01051033,1903,1970,1939,,
"Jánský, Filip",1922-1987,47282906,jn99240000399,1922,1987,1964,,
"Jarchovský, Petr",1966-,70158227,jn99240000370,1966,,1993,,
"Javor, Pavel",1916-1981,88045299,jk01130405,1916,1981,0,,
"Jedlička, Josef",1927-1990,39632022,jk01051416,1927,1990,1966,,
"Jelínek, Edvard",1855-1897,56167322,skuk0000637,1855,1897,1881,,
"Jeřábek, Čestmír",1893-1981,32124494,jk01051518,1893,1981,1921,,
"Jezbera, František Jan",1829-1901,83757220,jk01051595,1829,1901,1858,,
"Ježková, Alena",1966-,50396720,xx0002238,1966,,1998,,
"Jiránek, Vladimír",1938-2012,96705622,jk01051812,1938,2012,1977,,
"Jirásek, Alois",1851-1930,34469656,jk01051816,1851,1930,1874,,
"Jirotka, Zdeněk",1911-2003,64074114,jk01051900,1911,2003,1942,,
"Jirous, Ivan Martin",1944-2011,119364641,jn19981001568,1944,2011,1991,,
"John, Jaromír",1882-1952,55776582,jk01052036,1882,1952,1917,,
"John, Radek",1954-,40017300,jk01052046,1954,,1980,,
"Joneš, Alois",1929-,45555886,jk01052087,1929,,1969,,
"Juliš, Emil",1920-2006,14763862,jk01052139,1920,2006,1964,,
"Juráček, Pavel",1935-1989,19949329,jk01052201,1935,1989,2001,,
"Kadlec, Josef",1919-2003,8186560,jk01052433,1919,2003,1951,,
"Kahoun, Jiří",1942-2017,12009224,jk01052537,1942,2017,1984,,
"Kalandra, Čeněk",1848-1928,83764015,jk01052611,1848,1928,1872,,
"Kalčík, Rudolf",1923-1980,15322788,jk01052632,1923,1980,1954,,
"Kaloč, Zdeněk",1938-,83764688,jk01052720,1938,,1978,,
"Kameníček, Jan",1955-,33124758,jo20000075394,1955,,1988,,
"Káňa, Vašek",1905-1985,30008961,jk01052831,1905,1985,1930,,
"Kantůrková, Eva",1930-,66469255,jk01052883,1930,,1966,,
"Kaplický, Václav",1895-1982,61959289,jk01052912,1895,1982,1927,,
"Kaprálová, Dora",1975-,164857285,js20020708009,1975,,2014,,
"Karafiát, Jan",1846-1929,47825424,jk01052941,1846,1929,1876,,
"Karásek ze Lvovic, Jiří",1871-1951,51816056,jk01052982,1871,1951,1893,,
"Karen, Jiří",1920-2000,1184264,jk01053012,1920,2000,1972,,
"Kasal, Lubor",1958-,14337832,jn19990004193,1958,,1989,,
"Keltner, Tomáš",1976-,84760981,mzk2008473162,1976,,2008,,
"Khol, František",1877-1930,13302531,jk01060131,1877,1930,1903,,
"Kincl, Jaromír",1930-,292677970,jn19990209346,1930,,1962,,
"Klevis, Vladimír",1933-1998,42249595,jk01060437,1933,1998,1961,,
"Klevisová, Michaela",1976-,85728382,xx0065727,1976,,2007,,
"Klička, Benjamin",1897-1943,74840804,jk01060454,1897,1943,1921,,
"Klicpera, Václav Kliment",1792-1859,811769,jk01060448,1792,1859,1820,,
"Klíma, Ivan",1931-,32047415,jk01060513,1931,,1960,,
"Klíma, Jan",1938-,37436131,jk01060517,1938,,1966,,
"Klíma, Ladislav",1878-1928,7402259,jk01060531,1878,1928,1901,,
"Klíma, Stanislav",1878-1944,74846193,jk01060540,1878,1944,1899,,
"Kliment, Alexandr",1929-2017,51661848,jk01060558,1929,2017,1960,,
"Klivar, Miroslav",1932-2014,48248046,jk01060635,1932,2014,1956,,
"Klobouk, Jiří",1933-,43241212,jk01060647,1933,,1993,,
"Klostermann, Karel",1848-1923,810251,jk01060677,1848,1923,1892,,
"Knap, Josef",1900-1973,71369239,jk01060764,1900,1973,1920,,
"Knopp, Jiří",1934-,84993600,ola2003193839,1934,,1985,,
"Kočka, Miloš",1910-2010,15179566,jk01061020,1910,2010,1945,,
"Koenigsmark, Alex",1944-2013,263993692,jk01061072,1944,2013,1975,,
"Kohout, Alois",1891-1981,67941908,jk01061112,1891,1981,1930,,
"Kohout, Pavel",1928-,56612039,jk01061137,1928,,1946,,
"Kolář, Jiří",1914-2002,97968340,jk01061244,1914,2002,1941,,
"Kolář, Josef",1905-1983,83777621,jk01061252,1905,1983,1936,,
"Kolárová, Jaromíra",1919-2006,39789814,jk01061216,1919,2006,1946,,
"Kolečko, Petr",1984-,84168686,jo2004259858,1984,,2008,,
"Kollár, Jan",1793-1852,12336405,jk01061359,1793,1852,1821,,
"Kolský, Tomáš",1978-,42095181,xx0012248,1978,,2003,,
"Komárek, Stanislav",1958-,1103909,jn19990209376,1958,,1994,,
"Komenský, Jan Amos",1592-1670,29835535,jk01061444,1592,1670,1809,,
"Končinský, Tomáš S.",1978-,85878941,xx0087109,1978,,2008,,
"Konrád, Josef Deograt",1859-1921,41746070,jk01061565,1859,1921,1888,,
"Konrád, Karel",1899-1971,100734216,jk01061568,1899,1971,1926,,
"Kopecká, Irena",1940-,84153969,jo2003190761,1940,,1996,,
"Kopecká, Věra",1951-,84105999,jn99240000488,1951,,1992,,
"Körner, Vladimír",1939-,64266314,jk01061843,1939,,1964,,
"Kosmák, Václav",1843-1898,3564021,jk01061959,1843,1898,1876,,
"Kostrhun, Jan",1942-,278493532,jk01062020,1942,,1961,,
"Koubek, Václav",1955-,29106838,jn99240000506,1955,,1992,,
"Koval, Libor",1930-2003,42253407,jk01062406,1930,2003,1980,,
"Kozák, Jan",1921-1995,96710342,jk01062556,1921,1995,1941,,
"Kožík, František",1909-1997,12432567,jk01062651,1909,1997,1930,,
"Kožíšek, Josef",1861-1933,76798468,jk01062666,1861,1933,1890,,
"Krásnohorská, Eliška",1847-1926,19722922,jk01062911,1847,1926,1868,,
"Krátký, Radovan",1921-1973,59587787,jk01062941,1921,1973,1949,,
"Kratochvíl, Jaroslav",1885-1945,1104757,jk01062969,1885,1945,1908,,
"Kratochvil, Jiří",1940-,116699011,jn19990209413,1940,,1990,,
"Kratochvíl, Miloš",1948-,68179393,jk01062996,1948,,1983,,
"Kratochvíl, Miloš V.",1904-1988,111346007,jk01062997,1904,1988,1931,,
"Kraus, Ivan",1939-,29818064,jn19981001677,1939,,1991,,
"Kraus, Ota B.",1921-2000,60008017,jk01063078,1921,2000,1948,,
"Krautschneider, Rudolf",1943-,84046098,jn20000728331,1943,,1991,,
"Krchovský, J.H.",1960-,64087188,jn19990218056,1960,,1991,,
"Křesadlo, Jan",1926-1995,305127268,jn19981001717,1926,1995,1969,,
"Kriseová, Eda",1940-,14821064,jk01063340,1940,,1990,,
"Kronbauer, Rudolf Jaroslav",1864-1915,46650071,jk01063411,1864,1915,1890,,
"Kroužilová, Ludmila",1945-,267146624,jk01063497,1945,,1968,,
"Krůta, Jan",1946-,45694458,jk01063593,1946,,1983,,
"Kubátová, Marie",1922-2013,32809344,jk01070282,1922,2013,1956,,
"Kubka, František",1894-1969,13424147,jk01070461,1894,1969,1914,,
"Kuděj, Zdeněk Matěj",1881-1955,67938049,jk01070621,1881,1955,1900,,
"Kulhánek, Jiří",1967-,24343348,jn99240000567,1967,,1994,,
"Kundera, Milan",1929-,51691735,jk01070894,1929,,1953,,
"Kupka, Jiří Svetozar",1921-2017,78627112,jk01070958,1921,2017,1949,,
"Kuras, Benjamin",1944-,26346582,jo2002102887,1944,,1996,,
"Kuriš, Martin",1973-,85359396,xx0008495,1973,,2003,,
"Kutík, Josef",1923-1987,256069629,jk01071094,1923,1987,1966,,
"Kutra, Radoslav",1925-,90783873,jn20000710377,1925,,2003,,
"Kvapil, Jaroslav",1868-1950,19810510,jk01071151,1868,1950,1889,,
"Lada, Josef",1887-1957,64007805,jk01071364,1887,1957,1917,,
"Lahoda, Zdeněk",1920-,8510507,jk01071384,1920,,1977,,
"Laichter, Josef",1864-1949,38569316,jk01071402,1864,1949,1882,,
"Landovský, Pavel",1936-,25400571,jk01071483,1936,,1969,,
"Langer, František",1888-1965,135145969926032250156,jk01071520,1888,1965,1910,,
"Langer, Jiří",1894-1943,79081562,jk01071526,1894,1943,1937,,
"Langer, Milan",1944-2017,84013140,jn20000401601,1944,2017,0,,
"Lazecký, František",1905-1984,57026527,jk01071691,1905,1984,1930,,
"Lázňovský, Michal",1947-,64092603,jk01071703,1947,,1983,,
"Lebeda, Jan",1936-,84604561,mzk2005269619,1936,,2004,,
"Legátová, Květa",1919-2012,8454160,jk01100201,1919,2012,1957,,
"Lhotová, Dagmar",1929-,311111706,jk01072027,1929,,1961,,
"Lier, Jan",1852-1917,14326425,jk01072098,1852,1917,1883,,
"Linhartová, Věra",1938-,40528398,jk01072187,1938,,1964,,
"Lírová, Jindra",1955-,83998950,jn19990209494,1955,,1997,,
"Listopad, František",1921-2017,7803337,jk01072248,1921,2017,1945,,
"Lomová, Lucie",1964-,12599639,xx0026705,1964,,2004,,
"Loukotková, Jarmila",1923-2007,36985688,jk01072489,1923,2007,1940,,
"Lukešová, Milena",1922-2008,54668374,jk01072640,1922,2008,1966,,
"Lustig, Arnošt",1926-2011,109645153,jk01072683,1926,2011,1958,,
"Lysohorsky, Óndra",1905-1989,66513382,jk01072721,1905,1989,1958,,
"Macek, Petr",1981-,21844440,mzk2004223509,1981,,2002,,
"Mácha, Karel Hynek",1810-1836,95263761,jk01072915,1810,1836,1836,,
"Machar, Josef Svatopluk",1864-1942,32029935,jk01072996,1864,1942,1887,,
"Macourek, Miloš",1926-2002,107600220,jk01072813,1926,2002,1958,,
"Macura, Vladimír",1945-1999,115858496,jk01072821,1945,1999,1977,,
"Mahen, Jiří",1882-1939,61589020,jk01072867,1882,1939,1900,,
"Mahler, Zdeněk",1928-2018,268709643,jk01072871,1928,2018,1954,,
"Majerová, Marie",1882-1967,52272,jk01073121,1882,1967,1907,,
"Malík, Jan",1904-1980,29340491,jk01073238,1904,1980,1932,,
"Malínská, Anna",1919-,83816563,jk01073263,1919,,1950,,
"Malířová, Helena",1877-1940,47255955,jk01073278,1877,1940,1901,,
"Mališ, Oskar",1900-1965,83816674,jk01073281,1900,1965,1943,,
"Malý, Miloš",1908-,59086097,jk01073361,1908,,1940,,
"Malý, Radek",1977-,15960240,xx0000314,1977,,2001,,
"Maňák, Vratislav",1988-,101581250,js20091030005,1988,,2011,,
"Maralík, Milan",1912-1987,159994995,jk01080070,1912,1987,1938,,
"Marek, Jiří",1914-1994,45112529,jk01080125,1914,1994,1937,,
"Mareš, Míra",1899-1980,83818493,jk01080185,1899,1980,1944,,
"Maria, Jaroslav",1870-1942,24206542,jk01080237,1870,1942,1898,,
"Marková, Dagmar",1935-,36961133,jk01080260,1935,,1979,,
"Markup, František",1902-1970,306138566,jk01080272,1902,1970,1938,,
"Marten, Miloš",1883-1917,233502846,jk01080318,1883,1917,1903,,
"Martin, Eduard",1951-,61960212,jk01080322,1951,,1975,,
"Martinec, Jan",1915-1995,32482080,jk01080337,1915,1995,1949,,
"Martínek, Vojtěch",1887-1960,2769242,jk01080362,1887,1960,1908,,
"Maruna, Jan",1949-,84579686,mzk2004236668,1949,,2000,,
"Masaryk, Tomáš Garrigue",1850-1937,56651696,jk01080472,1850,1937,1880,,
"Matoušek, Ivan",1948-,73985070,jn19981001825,1948,,1991,,
"Mazálek, Vladimír",1883-1956,83823878,jk01080985,1883,1956,1923,,
"Medek, Rudolf",1890-1940,25955120,jk01081030,1890,1940,1912,,
"Menzel, Josef",1901-1975,25095273,jk01081261,1901,1975,1949,,
"Měrka, Petr",1979-,39171481,xx0062230,1979,,2007,,
"Mertl, Věroslav",1929-2013,20489897,jk01081313,1929,2013,1969,,
"Michal, Karel",1932-1984,25096219,jk01081425,1932,1984,1961,,
"Mikeš, Petr",1948-2016,69085178,jn19990218068,1948,2016,1996,,
"Míková, Marka",1959-,8556351,ola2002158889,1959,,2001,,
"Mikuláš, Jaroslav",1870-1952,83828421,jk01081616,1870,1952,1891,,
"Mikulášek, Oldřich",1910-1985,77700055,jk01081628,1910,1985,1931,,
"Mikulka, Alois",1933-,96706929,jk01081647,1933,,1961,,
"Miler, Zdeněk",1921-2011,2958781,jk01081695,1921,2011,1958,,
"Mixa, Vojtěch",1887-1953,73450938,jk01081856,1887,1953,1920,,
"Moravcová, Jana",1937-,57024276,jk01082033,1937,,1969,,
"Motlová, Milada",1945-,84114575,jo20000075570,1945,,1994,,
"Mrázková, Daisy",1923-,96707055,jk01082288,1923,,1965,,
"Mrázová, Alena",1958-,85380646,xx0012505,1958,,2007,,
"Mrštík, Alois",1861-1925,3276067,jk01082329,1861,1925,1893,,
"Mucha, Jiří",1915-1991,19681880,jk01082373,1915,1991,1931,,
"Wernisch, Michal",1964-,41338519,jn19992000746,1964,,1992,,
"Myšková, Ivana",1981-,84154013,jo2003190766,1981,,2012,,
"Nauman, Pavel",1907-1976,83836090,jk01082725,1907,1976,1942,,
"Neff, Vladimír",1909-1983,40174449,jk01082908,1909,1983,1933,,
"Nekola, Rudolf",1901-1969,83837886,jk01082989,1901,1969,1935,,
"Němcová, Božena",1820-1862,56763450,jk01083016,1820,1862,1845,,
"Němec, Jan",1981-,108102183,xx0029257,1981,,2007,,
"Němec, Tomáš",1976-,85402776,xx0016196,1976,,1994,,
"Němeček, Zdeněk",1894-1957,14903572,jk01083150,1894,1957,1920,,
"Nenadál, Radoslav",1929-2018,69343474,jk01083165,1929,2018,1953,,
"Neomillnerová, Petra",1970-,84170885,jo2005267829,1970,,2006,,
"Nepil, František",1929-1995,3344486,jk01083177,1929,1995,1963,,
"Neruda, Jan",1834-1891,41915819,jk01083209,1834,1891,1858,,
"Nesvadba, Josef",1926-2005,98084568,jk01083232,1926,2005,1954,,
"Nesvadbová, Barbara",1975-,2087322,jn99240000759,1975,,1997,,
"Neumann, Stanislav Kostka",1875-1947,27863744,jk01090079,1875,1947,1895,,
"Nezval, Vítězslav",1900-1958,7402030,jk01090162,1900,1958,1920,,
"Nikl, Petr",1960-,59973278,jn99240000770,1960,,1998,,
"Nohavica, Jaromír",1953-,83999293,jn19990209588,1953,,1974,,
"Nor, A.C.",1903-1986,114463286,xx0041070,1903,1986,0,,
"Nosková, Věra",1947-,36492572,jn20000401868,1947,,1988,,
"Novák, Jan",1953-,94397506,jn19990209593,1953,,1983,,
"Novák, Ladislav",1925-1999,12627174,jk01090477,1925,1999,1942,,
"Nováková, Teréza",1853-1912,33034658,jk01090594,1853,1912,1885,,
"Novotný, David Jan",1947-,36289601,jk01090652,1947,,1981,,
"Nový, Karel",1890-1980,102460570,jk01090808,1890,1980,1919,,
"Obermannová, Irena",1962-,53809971,jk01090889,1962,,1996,,
"Ochová, Sheila",1940-1999,41986269,jk01090998,1940,1999,1965,,
"Olbracht, Ivan",1882-1952,7423797,jk01091013,1882,1952,1913,,
"Olša, Jaroslav",1964-,51843356,ola2003169770,1964,,1990,,
"Omelka, František",1904-1960,304286843,jk01091088,1904,1960,1935,,
"Orlová, Zuzana",1980-,84513856,mzk2002108038,1980,,1998,,
"Orten, Jiří",1919-1941,24101,jk01091274,1919,1941,1946,,
"Osers, Ewald",1917-2011,32080168,jo20000075448,1917,2011,1986,,
"Otčenášek, Jan",1924-1979,49644726,jk01091352,1924,1979,1949,,
"Oulehla, Milan",1958-,103108215,mzk2009544182,1958,,2009,,
"Ouředník, Patrik",1957-,51719234,jn99240000828,1957,,1992,,
"Palečková, Libuše",1937-,54952351,jk01091572,1937,,1975,,
"Palkovský, Břetislav",1888-1978,40373792,jk01091596,1888,1978,1923,,
"Palla, Marian",1953-,96707967,jn19990218082,1953,,1996,,
"Papoušek, Jaroslav",1929-1995,42216537,jk01091733,1929,1995,1965,,
"Páral, Vladimír",1932-,113341183,jk01091743,1932,,1964,,
"Pařízek, Ladislav Mikeš",1907-1988,23291962,jk01091804,1907,1988,1940,,
"Pašek, Mirko",1910-2002,17728389,jk01091848,1910,2002,1940,,
"Pásek, Pavel",1921-2000,83852156,jk01091813,1921,2000,1951,,
"Pavel, Jan",1973-,20913690,jn99240000844,1973,,1993,,
"Pavel, Ota",1930-1973,24683380,jk01092027,1930,1973,1964,,
"Pavlát, Leo",1950-,21132396,jk01092068,1950,,1982,,
"Pavlík, Milan",1923-,83854441,jk01092126,1923,,1955,,
"Pawlowská, Halina",1955-,37649595,jn99240000851,1955,,1993,,
"Pazourek, Vladimír",1907-1987,60107054,jk01092213,1907,1987,1935,,
"Pecháčková, Ivana",1958-,34712188,jn20001227763,1958,,1997,,
"Pechová, Jaroslava",1950-,26730672,jk01092345,1950,,1979,,
"Pecka, Karel",1928-1997,76353381,jk01092241,1928,1997,1966,,
"Pehe, Jiří",1955-,60609080,jk01092279,1955,,2002,,
"Pekárková, Iva",1963-,67323500,jn19990218083,1963,,1992,,
"Pelc, Jan",1957-,32275890,jn99240000862,1957,,1990,,
"Peroutka, Ferdinand",1895-1978,34499510,jk01092591,1895,1978,1919,,
"Pešek, Luděk",1919-1999,59905595,jk01092650,1919,1999,1946,,
"Petiška, Eduard",1924-1987,73927668,jk01092720,1924,1987,1946,,
"Petr, Daniel",1975-,84618066,mzk2005279517,1975,,2005,,
"Picek, Jan",1921-,46828690,jn99240000873,1921,,1991,,
"Pick, Jiří Robert",1925-1983,77125796,jk01092970,1925,1983,1954,,
"Pilař, František",1904-1980,169644275,jk01093049,1904,1980,1941,,
"Pilař, Jan",1917-1996,78770997,jk01093051,1917,1996,1939,,
"Pilátová, Markéta",1973-,120386794,js20051031017,1973,,2007,,
"Pithart, Petr",1941-,39436573,jn19981001982,1941,,1966,,
"Placák, Petr",1964-,7254063,jn99240000880,1964,,1990,,
"Platzová, Magdaléna",1972-,56553637,mzk2003169595,1972,,2003,,
"Pleva, Josef Věromír",1899-1985,11196637,jk01093439,1899,1985,1929,,
"Pludek, Alexej",1923-2002,10256796,jk01093504,1923,2002,1947,,
"Pluhař, Zdeněk",1913-1991,47571204,jk01093515,1913,1991,1944,,
"Plzák, Miroslav",1925-2010,53158514,jk01093524,1925,2010,1967,,
"Poděbrad, Hynek z",1452-1492,69730002,jk01100177,1452,1492,1915,,
"Podlipská, Sofie",1833-1897,23253388,jk01100238,1833,1897,1864,,
"Podroužek, Jaroslav",1913-1954,30923004,jk01100258,1913,1954,1939,,
"Podzimek, Václav",1921-,28651159,jk01100279,1921,,1972,,
"Pohl, Josef",1918-1988,73430918,jk01100297,1918,1988,1935,,
"Pokorný, Jaroslav",1899-1940,9572368,jk01100056,1899,1940,1920,,
"Poláček, Karel",1892-1945,22302144,jk01100136,1892,1945,1922,,
"Preissová, Gabriela",1862-1946,15039690,jk01101035,1862,1946,1886,,
"Prejdová, Dominika",1979-,120584605,xx0108503,1979,,2009,,
"Přidal, Antonín",1935-2017,5341826,jk01101555,1935,2017,1966,,
"Přidal, Tomáš",1968-,29477261,jn19981228114,1968,,1996,,
"Procházka, Jan",1929-1971,19683055,jk01101145,1929,1971,1954,,
"Procházka, Jiří",1925-1993,83871850,jk01101170,1925,1993,1954,,
"Procházková, Iva",1953-,41912510,jn19990209690,1953,,1980,,
"Procházková, Lenka",1951-,49443545,jn19990218087,1951,,1990,,
"Procházková, Petra",1964-,56589294,jn99240000905,1964,,1998,,
"Prošková, Hana",1924-2002,119404601,jk01101381,1924,2002,1962,,
"Pujmanová, Marie",1893-1958,3697562,jk01101703,1893,1958,1917,,
"Putík, Jaroslav",1923-2013,62352152,jk01101788,1923,2013,1950,,
"Pytlík, Radko",1928-,46774080,jk01101809,1928,,1960,,
"Rachlík, František",1904-1980,76823983,jk01101943,1904,1980,1930,,
"Rafaj, Miroslav",1934-1987,57925693,jk01101934,1934,1987,1963,,
"Rais, Karel Václav",1859-1926,50033731,jk01101955,1859,1926,1879,,
"Rakous, Vojtěch",1862-1935,50274860,jk01101986,1862,1935,1897,,
"Rašín, Jaromír",1891-1951,55625674,jk01102062,1891,1951,1927,,
"Ráž, Roman",1935-,76726437,jk01102144,1935,,1962,,
"Reiner, Martin",1964-,74780990,jn19981002077,1964,,1991,,
"Reis, Vladimír",1922-,7419729,jk01102238,1922,,1966,,
"Reynek, Bohuslav",1892-1971,44443053,jk01102385,1892,1971,1921,,
"Řezáč, Tomáš",1935-1992,8015991,jo2010589195,1935,1992,1979,,
"Řezáč, Václav",1901-1956,20491393,jk01110105,1901,1956,1934,,
"Řezníček, Pavel",1942-,4935783,jk01110127,1942,,1990,,
"Richterová, Sylvie",1945-,263972563,jn19990209718,1945,,1991,,
"Říha, Bohumil",1907-1987,15571104,jk01110164,1907,1987,1941,,
"Rotrekl, Zdeněk",1920-2013,54206403,jk01102796,1920,2013,1944,,
"Rottová, Inna",1935-,174881,jk01081784,1935,,1984,,
"Rudiš, Jaroslav",1972-,47831771,xx0004127,1972,,2002,,
"Rudlová, Helena",1897-1965,5944343,jk01103014,1897,1965,1933,,
"Rudolf, Stanislav",1932-,15329018,jk01103025,1932,,1972,,
"Rudyšarová-Mišíková, Eva",1961-,54292701,jn99240001006,1961,,1994,,
"Rut, Přemysl",1954-,52105240,jn99240001011,1954,,1981,,
"Rybák, Josef",1904-1992,61960616,jk01103251,1904,1992,1928,,
"Ryšavý, Martin",1967-,84079938,jn20011018830,1967,,2001,,
"Ryska, Jan",1916-1983,43804928,jk01103382,1916,1983,1955,,
"Šabach, Petr",1951-2017,119338358,jn19990201046,1951,2017,1986,,
"Sabina, Karel",1813-1877,42003196,jk01110239,1813,1877,1841,,
"Sádlo, Jiří",1958-,41628691,xx0008592,1958,,1999,,
"Šafařík, Pavel Josef",1795-1861,106968086,jk01122355,1795,1861,1818,,
"Šafránek, Ota",1911-1980,15286614,jk01122391,1911,1980,1940,,
"Šajner, Donát",1914-1990,10646743,jk01122408,1914,1990,1935,,
"Salava, Miroslav",1960-,21789177,jn99240001033,1960,,1995,,
"Šalda, František Xaver",1867-1937,14783197,jk01122425,1867,1937,1905,,
"Salivarová, Zdena",1933-,114678790,jk01110349,1933,,1968,,
"Šamberk, František Ferdinand",1838-1904,51814223,jk01122474,1838,1904,1871,,
"Santarová, Alena",1923-1967,25152649,jk01110399,1923,1967,1951,,
"Scheinpflugová, Olga",1902-1968,114438737,jk01110879,1902,1968,1924,,
"Schink, Petr",1979-,85593159,xx0046450,1979,,2006,,
"Schmidtová, Eva",1940-1999,15312211,jk01111011,1940,1999,1969,,
"Schulhof, Stanislav",1864-1919,38025012,hka0076848,1864,1919,1908,,
"Schulz, Karel",1899-1943,39534016,jk01111165,1899,1943,1922,,
"Šebek, Karel",1941-1995,77995718,jk01122590,1941,1995,1996,,
"Sedláček, Květoslav František",1911-1971,34972604,jk01110515,1911,1971,1943,,
"Sehnal, Miroslav",1953-,10258879,jn99240001065,1953,,1990,,
"Seifert, Jaroslav",1901-1986,12317734,jk01110657,1901,1986,1921,,
"Seifertová, Lucie",1969-,26567432,jo2003193350,1969,,1999,,
"Sekera, Josef",1897-1972,25119404,jk01110699,1897,1972,1927,,
"Sekora, Ondřej",1899-1967,79535702,jk01110710,1899,1967,1920,,
"Semrád, Vladimír",1923-1980,83892128,jk01110764,1923,1980,1953,,
"Šerých, Jiří",1934-,30723793,jk01122784,1934,,1966,,
"Sidon, Karol Efraim",1942-,83170223,jk01111263,1942,,1965,,
"Sikora, Roman",1970-,84210387,js20020122046,1970,,2016,,
"Šiktanc, Karel",1928-,36975712,jk01122896,1928,,1951,,
"Sílová, Bohumila",1908-1957,83895869,jk01111312,1908,1957,1933,,
"Šimáček, Matěj Anastázia",1860-1913,56167367,jk01122966,1860,1913,1885,,
"Šimková, Markéta",1977-,80990902,jo2003181549,1977,,0,,
"Šindelka, Marek",1984-,216349781,xx0037321,1984,,2005,,
"Sirovátka, Oldřich",1925-1992,56643944,jk01111353,1925,1992,1946,,
"Skácel, Jan",1922-1989,115824377,jk01111393,1922,1989,1955,,
"Skácelík, František",1873-1944,60507588,jk01111404,1873,1944,1910,,
"Skála, František",1956-,9971560,jn20000710529,1956,,1989,,
"Skala, Martina",1958-,46978142,xx0003703,1958,,2002,,
"Skála, Miroslav",1924-1989,5732400,jk01111431,1924,1989,1961,,
"Šklíbová, Hana",1897-1987,83922772,jk01130302,1897,1987,1930,,
"Skorunka, František",1944-,13623447,jk01111580,1944,,1975,,
"Skupa, Josef",1892-1957,5786718,jk01111665,1892,1957,1922,,
"Škutina, Vladimír",1931-1995,66876576,jk01130395,1931,1995,1953,,
"Škvorecký, Josef",1924-2012,83176668,jk01130413,1924,2012,1958,,
"Slabý, Zdeněk Karel",1930-,119485070,jk01111713,1930,,1960,,
"Slach, Miroslav",1919-2001,27476421,jk01111766,1919,2001,1947,,
"Sládek, Josef Václav",1845-1912,40174607,jk01111743,1845,1912,1864,,
"Šlechta, Vladimír",1960-,2175453,xx0000828,1960,,1999,,
"Šlejhar, Josef Karel",1864-1914,62971865,jk01130467,1864,1914,1889,,
"Šmahelová, Helena",1910-1997,74261546,jk01130497,1910,1997,1940,,
"Šmalec, Petr",1974-,306140790,jo2003181550,1974,,2005,,
"Šmaus, Martin",1965-,29277961,xx0036231,1965,,2005,,
"Smetanová, Jindřiška",1923-2012,116018299,jk01120075,1923,2012,1959,,
"Šmíd, Jan",1921-2002,88123331,jk01130562,1921,2002,1972,,
"Šmilovský, Alois Vojtěch",1837-1883,295593657,jk01130612,1837,1883,1865,,
"Smolík, Milan",1926-,83900934,jk01120123,1926,,1955,,
"Sobotka, Jan",1944-,6264147967366884200002,jn99240001102,1944,,1988,,
"Sobotka, Richard",1935-,117975899,jk01120270,1935,,1979,,
"Sojka, Jan",1973-,2276663,xx0018992,1973,,2006,,
"Sokolová-Seidlová, Vilma",1859-1941,83902532,jk01120364,1859,1941,1889,,
"Šolléová, Marie",1936-,85887640,xx0088303,1936,,1978,,
"Šoltész, Pavel",1927-1993,11499493,jk01130739,1927,1993,1954,,
"Šotola, Jiří",1924-1989,114445008,jk01130767,1924,1989,1946,,
"Souček, Ludvík",1926-1978,102032177,jk01120474,1926,1978,1951,,
"Součková, Milada",1899-1983,92629972,jz8001161,1899,1983,1934,,
"Soukupová, Petra",1982-,2274878,xx0067507,1982,,2007,,
"Sova, Antonín",1864-1928,61679211,jk01120593,1864,1928,1880,,
"Špaček, Ladislav",1949-,5547667,jn20000402870,1949,,2005,,
"Spáčil, Jindřich",1899-1978,57427172,jk01120637,1899,1978,1919,,
"Špalek, Vilém",1904-,30984147,jo2007274778,1904,,0,,
"Špidlík, Tomáš",1919-2010,24608237,jn19990218115,1919,2010,1991,,
"Šrámek, Fráňa",1877-1952,8183959,jk01130973,1877,1952,1903,,
"Šrámková, Jana",1982-,90554167,jo2008416241,1982,,2008,,
"Šrut, Pavel",1940-2018,44552314,jk01131041,1940,2018,1964,,
"Staněk, Jiří",1957-,4246325,jn20000402269,1957,,1991,,
"Staňková, Marta",1927-2012,83906147,jk01120882,1927,2012,1975,,
"Stanovský, Vladislav",1922-2005,83906181,jk01120894,1922,2005,1948,,
"Stašek, Antal",1843-1931,13115405,jk01120951,1843,1931,1872,,
"Stavinoha, František",1928-2006,57024295,jk01120970,1928,2006,1968,,
"Štech, Václav",1859-1947,69728920,jk01010145,1859,1947,1886,,
"Štefl, Jiří",1904-1961,33724661,jk01131186,1904,1961,1930,,
"Steklač, Vojtěch",1945-,97138710,jk01121138,1945,,1968,,
"Štengl, Petr",1960-,85498084,xx0032166,1960,,2005,,
"Štěpán, Ludvík",1943-2009,20090382,jk01131260,1943,2009,1973,,
"Štětina, Jaromír",1943-,3771347,jk01131387,1943,,1979,,
"Štětinová, Dagmar",1927-,60467673,jk01131391,1927,,1975,,
"Stieber, Mirko",1945-,46408744,jk01121190,1945,,1971,,
"Stingl, Miloslav",1930-,34983890,jk01121199,1930,,1962,,
"Štíplová, Ljuba",1930-2009,17292795,jk01131441,1930,2009,1963,,
"Štorch, Eduard",1878-1956,37689947,jk01131478,1878,1956,1904,,
"Štorkán, Karel",1923-2007,67016181,jk01131496,1923,2007,1954,,
"Šťovíček, Vratislav",1936-2004,50047352,jn20010309676,1936,2004,1992,,
"Straka, Josef",1972-,83544454,jo2004213700,1972,,2004,,
"Stránský, Jiří",1931-2019,119368156,jk01121359,1931,2019,1969,,
"Štroblová, Jana",1936-,269914833,jk01131531,1936,,1958,,
"Stroupežnický, Ladislav",1850-1892,3910920,jk01121504,1850,1892,1876,,
"Struhar, Stanislav",1964-,8308288,jn20020124012,1964,,2004,,
"Stuchl, Vladimír",1922-1990,7907203,jk01121592,1922,1990,1943,,
"Stýblová, Valja",1922-,20095216,jk01121647,1922,,1957,,
"Suchl, Jan",1928-,56623061,jk01121710,1928,,1961,,
"Suchý, Josef",1923-2003,42784054,jk01121737,1923,2003,1963,,
"Šusta, Stanislav",1923-,79517671,jk01131742,1923,,1972,,
"Šustr, Vladimír",1913-1987,485149,jk01131762,1913,1987,1947,,
"Švandrlík, Miloslav",1932-2009,59888262,jk01131832,1932,2009,1960,,
"Švankmajer, Jan",1934-,115219363,jk01131834,1934,,1994,,
"Švankmajerová, Eva",1940-2005,55013093,jn20000402928,1940,2005,1995,,
"Svatopluk, T.",1900-1972,16785588,jk01121858,1900,1972,1933,,
"Švejda, Jiří",1949-,420330,jk01131913,1949,,1975,,
"Svěrák, Zdeněk",1936-,62360050,jk01121890,1936,,1964,,
"Světlá, Karolina",1830-1899,9890083,jk01121895,1830,1899,1860,,
"Svoboda, František X.",1860-1943,71404267,jk01121960,1860,1943,1880,,
"Svobodová, Růžena",1868-1920,50749113,jk01122121,1868,1920,1895,,
"Syrovátka, Oldřich",1911-1977,42381245,jk01122264,1911,1977,1937,,
"Tafel, Jaroslav",1929-1973,50012992,jk01132001,1929,1973,1960,,
"Tanská, Nataša",1929-2014,116307890,jk01132050,1929,2014,1970,,
"Terlecký, Nikolaj",1903-1994,98256631,jk01132240,1903,1994,1946,,
"Těsnohlídek, Rudolf",1882-1928,7520269,jk01132297,1882,1928,1902,,
"Tichý, Jaroslav",1923-2004,22153888,jk01132421,1923,2004,1960,,
"Tilschová, Anna Maria",1873-1957,37717404,jk01132483,1873,1957,1904,,
"Tippmannová, Marie",1886-1965,306139098,jk01132496,1886,1965,1929,,
"Tittelbachová, Libuše",1908-,15494707,jk01132519,1908,,1940,,
"Toman, Josef",1899-1977,57391272,jk01132607,1899,1977,1925,,
"Toman, Karel",1877-1946,3267878,jk01132611,1877,1946,1898,,
"Toman, Marek",1967-,16850420,js20020204004,1967,,1987,,
"Toman, Prokop",1872-1955,83938504,jk01132619,1872,1955,1898,,
"Tomanová, Miroslava",1906-1991,3028585,jk01132648,1906,1991,1944,,
"Tomáš, Josef",1933-,84018123,jn20000402378,1933,,1999,,
"Tomek, Jiří",1944-,17233421,xx0001047,1944,,1987,,
"Tomek, Lubomír",1926-2006,47175362,jk01141067,1926,2006,1979,,
"Tomek, Vratislav Václav",1868-1933,55561809,jk01132710,1868,1933,1890,,
"Tomková, Zuzana",1986-,311791585,jo2014846031,1986,,2015,,
"Topinka, Miloslav",1945-,39791974,jk01132792,1945,,1969,,
"Topol, Filip",1965-2013,78403159,jn99240001195,1965,2013,1991,,
"Topol, Jáchym",1962-,118416563,jn19990209928,1962,,1991,,
"Topol, Josef",1935-2015,76304470,jk01132796,1935,2015,1955,,
"Trefulka, Jan",1929-2012,56629814,jk01140076,1929,2012,1960,,
"Třešňák, Vlastimil",1950-,118416603,jk01140286,1950,,1991,,
"Tréval, Emil",1859-1929,83940609,jk01140085,1859,1929,1897,,
"Trnka, Jiří",1912-1969,27072375,jk01140140,1912,1969,1940,,
"Trojak, Bogdan",1975-,7329100,jn19990008612,1975,,1996,,
"Tučková, Kateřina",1980-,45488087,mzk2006348534,1980,,2005,,
"Tvrdá, Eva",1963-,85510086,xx0033927,1963,,2005,,
"Tyl, Josef Kajetán",1808-1856,57411099,jk01140553,1808,1856,1837,,
"Typlt, Jaromír",1973-,25014406,jn99240001210,1973,,1990,,
"Uhde, Milan",1936-,104028379,jk01140606,1936,,1962,,
"Uher, František",1936-,53178472,jk01140612,1936,,1979,,
"Uhlířová, Lenka",1973-,85049468,ola2007419161,1973,,2008,,
"Urban, Miloš",1967-,10097019,jn99240001220,1967,,1986,,
"Urban, Petr",1960-,78287629,jn19990218106,1960,,1990,,
"Urbánek, Zdeněk",1917-2008,29583837,jk01140872,1917,2008,1939,,
"Urbánková, Dagmar",1972-,2787175,xx0025773,1972,,2004,,
"Vacek, Zdeněk",1976-,134197210,xx0120327,1976,,2010,,
"Vácha, Stanislav",1930-2000,22549042,jk01141121,1930,2000,1965,,
"Váchal, Josef",1884-1969,4996208,jk01141125,1884,1969,1901,,
"Vachek, Emil",1889-1964,32520415,jk01141130,1889,1964,1911,,
"Vaculík, Ludvík",1926-2015,71404246,jk01141068,1926,2015,1958,,
"Valenta, Edvard",1901-1978,92792536,jk01141227,1901,1978,1926,,
"Vančura, Vladislav",1891-1942,34499285,jk01141424,1891,1942,1923,,
"Vaněk Úvalský, Bohuslav",1970-,62467792,jn99240001242,1970,,1994,,
"Vaněk, Karel",1887-1933,8868556,jk01141521,1887,1933,1919,,
"Vanek, Marcel",1964-,15980304,mzk2004148350,1964,,2003,,
"Vaněk, Vladimír",1895-1965,63591697,jk01141543,1895,1965,1925,,
"Vaníček, Zdeněk",1947-,84031639,jn20000620398,1947,,2003,,
"Viewegh, Michal",1962-,44438921,jn19990010021,1962,,1990,,
"Viková-Kunětická, Božena",1862-1934,27874908,jk01142347,1862,1934,1887,,
"Vladislav, Jan",1923-2009,34464240,jk01150006,1923,2009,1944,,
"Vladyka, Ladislav",1893-1956,83957599,jk01150012,1893,1956,1920,,
"Vlasáková, Julie",1860-1931,83957886,jk01150061,1860,1931,1901,,
"Vokolek, Václav",1947-,3275097,jn19981002344,1947,,1987,,
"Volánková, Iva",1964-,14707985,ola200207411,1964,,0,,
"Voleská, Marta",1905-1985,38878422,jk01150488,1905,1985,1927,,
"Volková, Bronislava",1946-,49250791,jn19990210803,1946,,1991,,
"Vondruška, Vlastimil",1955-,14802452,xx0004129,1955,,1987,,
"Vopěnka, Martin",1963-,64422749,jn99240001382,1963,,1989,,
"Voříšková, Marie",1907-,9432935,jk01150732,1907,,1935,,
"Vostrá, Alena",1938-1992,70499407,jk01150760,1938,1992,1964,,
"Vrána, Pavel",1946-,84692772,mzk2007377494,1946,,1994,,
"Vratislav z Mitrovic, Václav",1576-1635,32348156,jk01150938,1576,1635,1850,,
"Vrba, Jan",1889-1961,72171657,jk01150966,1889,1961,1914,,
"Vrbová, Hana",1929-1995,57032342,jk01151014,1929,1995,1963,,
"Vrchlická, Eva",1888-1969,93571182,jk01151035,1888,1969,1925,,
"Vrchlický, Jaroslav",1853-1912,19713400,jk01151037,1853,1912,1875,,
"Vyhlídal, Zdeněk",1934-,26414273,jk01151150,1934,,1958,,
"Vyskočil, Ivan",1929-,11227014,jk01151228,1929,,1961,,
"Wagnerová, Magdalena",1960-,27298685,jo20010086344,1960,,1992,,
"Walló, Olga",1948-,75630418,jk01151391,1948,,1987,,
"Weil, Jiří",1900-1959,17278482,jk01151482,1900,1959,1924,,
"Weiner, Richard",1884-1937,14803378,jk01151496,1884,1937,1901,,
"Weiss, Jan",1892-1972,79130431,jk01151540,1892,1972,1927,,
"Weiss, Otto",1898-1944,3392799,jn20000402679,1898,1944,1998,,
"Wenig, Adolf",1874-1940,102487473,jk01151571,1874,1940,1898,,
"Wenzig, Josef",1807-1876,39642791,jk01151594,1807,1876,1850,,
"Werich, Jan",1905-1980,56658458,jk01151601,1905,1980,1954,,
"Werner, Vilém",1892-1966,83968432,jk01151613,1892,1966,1917,,
"Wernisch, Ivan",1942-,119365018,jk01151615,1942,,1961,,
"Wilden, Theodore",1936-,45627265,jk01151685,1936,,1963,,
"Winter, Zikmund",1846-1912,32047458,jk01151722,1846,1912,1886,,
"Witthedová, Jana",1948-,71311591,jn20000402688,1948,,1997,,
"Wolker, Jiří",1900-1924,29593281,jk01151789,1900,1924,1921,,
"Zábrana, Jan",1931-1984,71448238,jz8001457,1931,1984,1962,,
"Zábranský, David",1977-,85071563,pag2006371412,1977,,2006,,
"Žáček, Jiří",1945-,24882325,jk01152946,1945,,1973,,
"Zacharník, František",1939-,84125747,jo20010085073,1939,,1980,,
"Zahradníček, Jan",1905-1960,76367623,jk01151940,1905,1960,1930,,
"Zahradník, Vincenc",1790-1836,20621915,jk01151965,1790,1836,1831,,
"Zajíček, Pavel",1951-,76391600,jn99240001496,1951,,1990,,
"Žák, Jaroslav",1906-1960,49638770,jk01152975,1906,1960,1937,,
"Zákoucký, Karel",1862-1925,83971138,jk01152035,1862,1925,1890,,
"Zamarovský, Vojtěch",1919-2006,244674003,jk01152053,1919,2006,1949,,
"Žamboch, Miroslav",1972-,26763963,xx0000241,1972,,2000,,
"Zaoral, Zdeněk",1921-1970,83971500,jk01152085,1921,1970,1945,,
"Závada, Vilém",1905-1982,25398924,jk01152210,1905,1982,1927,,
"Zelenka, Petr",1967-,34753327,jn99240001555,1967,,1992,,
"Zeman, Adolf",1882-1952,16821460,jk01152436,1882,1952,1903,,
"Zeman, Josef",1891-1954,83974244,jk01152475,1891,1954,1937,,
"Zeyer, Julius",1841-1901,24621314,jk01152552,1841,1901,1879,,
"Zgustová, Monika",1957-,41994325,jn99240001567,1957,,1997,,
"Zinnerová, Markéta",1942-,8852466,jk01152694,1942,,1965,,
"Zlín, Karel",1937-,61723476,jk01152747,1937,,1969,,
"Zmeškal, Tomáš",1962-,85858246,xx0084376,1962,,2008,,
"Zonová, Anna",1962-,68284728,jo2001100269,1962,,2001,,
"Züngel, Emanuel František",1840-1894,8455397,jn99240001623,1840,1894,1865,,
"Zvolský, Filip Jan",1978-,84161217,jo2004213702,1978,,2010,,
"Mornštajnová, Alena",1963-,85043371,ola2007364886,1963,,2013,,
"Katalpa, Jakuba",1979-,85665084,xx0056509,1979,,2006,,
"Jesenská, Milena",1896-1944,19695848,jk01051564,1896,1944,1925,,
"Hanč, Jan",1916-1963,30931520,jk01033372,1916,1963,1948,,
"Riedlbauchová, Tereza",1977-,55955650,jn20010310144,1977,,2000,,
"Papoušková, Eva",1969-,56368001,xx0028179,1969,,2004,,
"Hořava, Matěj",1980-,309866442,jo2014823129,1980,,2014,,
"Stančík, Petr",1968-,78957723,jo2008411895,1968,,2008,,
"Pech, Miroslav",1986-,305387209,xx0179341,1986,,2013,,
"Štindl, Ondřej",1966-,100873834,xx0103661,1966,,2012,,
"Březina, Jiří",1980-,120121319,xx0114321,1980,,2013,,
"Maceková, Eva",1984-,167801943,jo2011555956,1984,,2012,,
"Mašek, Vojtěch",1977-,84599576,mzk2004261391,1977,,2010,,
"Rubášová, Taťána",1988-,317128199,jo2015884136,1988,,2016,,
"Valová, Vladimíra",1978-,44150999713529872125,osa2017966520,1978,,2017,,
"Böhm, David",1982-,84187666,jo2007274447,1982,,2009,,
"Mlejnek, Josef",1921-2008,83830512,jk01081908,1921,2008,1948,,
"Karbusický, Vladimír",1925-2002,100220388,jk01052993,1925,2002,1953,,
"Janáček, Josef",1925-1994,100221612,jk01050739,1925,1994,1955,,
"Hronek, Jiří",1905-1987,100279919,jk01042862,1905,1987,1945,,
"Galandauer, Jan",1936-,100968244,jk01032280,1936,,1977,,
"Arava-Novotná, Lena",1966-,101593607,pna2009526060,1966,,0,,
"Kaftanová, Irena",1951-,101599917,xx0104386,1951,,2009,,
"Pavlín, Jiří",0-0,102383573,xx0000970,0,0,0,,
"Růžička, Oldřich",0-0,102411839,xx0004739,0,0,1958,,
"Šmíd, Zdeněk",1937-2011,102443548,jn19990209873,1937,2011,1977,,
"Benešová, Alena",0-0,102452626,jk01011655,0,0,1967,,
"Nováček, Jiří",0-0,102453304,jk01090311,0,0,1958,,
"Novotný, Bohuslav",0-0,102453944,jx20031124125,0,0,1981,,
"Čolek, Marek",1964-,102818394,jo2010568545,1964,,0,,
"Wiener, Egon",1947-,103137149,xx0107938,1947,,2009,,
"Richardson, Michael",1953-,103219995,xx0125793,1953,,0,,
"Schneedorfer, Ivan",1937-,106330957,jo2002105552,1937,,2002,,
"Ráček, Milan",1943-,10739336,jn20030313004,1943,,2002,,
"Rákos, Petr",1956-1994,10767442,jn99240001015,1956,1994,1993,,
"Demetz, Peter",1922-,109391577,jk01022197,1922,,1997,,
"Saudek, Jan",1935-,112327728,jn19990009979,1935,,1991,,
"Forman, Miloš",1932-2018,112401195,jk01031567,1932,2018,1994,,
"Sís, Petr",1949-,114231397,jn19981002185,1949,,1995,,
"Voskovec, Jiří",1905-1981,114467667,jk01150746,1905,1981,1927,,
"Drašnar, Jiří",1948-2013,115726757,jn19990209155,1948,2013,1992,,
"Behenský, Petr",1960-,1162414,xx0032365,1960,,2005,,
"Tomeček, Jaromír",1906-1997,118314733,jk01132695,1906,1997,1944,,
"Brdečková, Tereza",1957-,11911520,jn20000400259,1957,,1990,,
"Rečková, Jana",1956-2018,11963767,jn20010310442,1956,2018,1996,,
"Hůrková, V.",0-0,120100286,jx20100330007,0,0,1992,,
"Všetečka, Jiří",1937-,120728567,jk01151088,1937,,1978,,
"Préma, Zuzana",0-0,121307145,mzk2010575236,0,0,0,,
"Doskočilová, Gabriela",0-0,122159397385719300170,kv20201074858,0,0,2020,,
"Kundera, Ludvík",1920-2010,12357881,jk01070892,1920,2010,1946,,
"Zápotocký, Antonín",1884-1957,12505730,jk01152141,1884,1957,1930,,
"Horáček, Petr",1967-,12519500,xx0151165,1967,,1983,,
"Spielvogelová, Vladimíra",0-0,125992633,mzk2010587504,0,0,2010,,
"Utitz, Bedřich",1920-,13035665,jk01140921,1920,,1950,,
"Trinkewitz, Karel",1931-2014,13112719,jn19990008608,1931,2014,1999,,
"Dvořák, Jiří",1970-,14490351,xx0008827,1970,,1988,,
"Steigerwald, Karel",1945-,14513947,jk01121041,1945,,1974,,
"Procházka, Jiří Walker",1959-,14541930,ola2002110922,1959,,1991,,
"Jirásek, Jan",1955-,14968095,jn19990209315,1955,,1986,,
"Kačírková, Eva",1937-,15182125,jk01052376,1937,,1975,,
"Navara, Luděk",1964-,15833213,ola200208374,1964,,1992,,
"Mráz, Miroslav",1925-,1586321,jk01082246,1925,,1961,,
"Rafaj, Oldřich",1934-2010,160127390,jk01101935,1934,2010,1961,,
"Staník, Zsolt",0-0,160818013,xx0005035,0,0,2002,,
"Ross, Hamish",0-0,16155409720608742709,ola2016908273,0,0,2016,,
"Váňová-Čtvrtková, Vlasta",1917-1968,161669190,jk01141606,1917,1968,1941,,
"Rožnovská, Lenka",1972-,166540659,xx0130765,1972,,2010,,
"Kolben, Hans Werner",1922-1945,168417870,mzk2012729755,1922,1945,0,,
"Říha, Václav",1867-1937,16898693,jo2002159936,1867,1937,1900,,
"Řízek, Tomáš",1963-,169675962,jn20010309683,1963,,1995,,
"Luhanová, Hanka",0-0,171558835,xx0135481,0,0,2011,,
"Urban, Jiří",1957-,171819608,xx0134452,1957,,1988,,
"Černý, Václav",1905-1987,17220404,jk01021636,1905,1987,1929,,
"Rasocha, Luděk",0-0,172438450,xx0139167,0,0,1988,,
"Welzl, Jan Eskymo",1868-1948,17300538,jk01151568,1868,1948,1928,,
"Rydvalová, Renata",0-0,173579753,jx20110719023,0,0,2011,,
"Pavlík, Petr",1933-2012,177145858193723022963,jk01092133,1933,2012,1967,,
"Hanák, Mirko",1921-1971,17748849,jk01033358,1921,1971,1971,,
"Zapletal, Miloš",1930-,17758878,jk01152116,1930,,1958,,
"Polách, Bohumír",18071261,18071261,jk01100151,18071261,,0,,
"Fendrych, Martin",1957-,18072280,jn19990218022,1957,,1998,,
"Kavan, František",0-0,180987846,jk01053290,0,0,1970,,
"Hlavsová, Jana Raila",0-0,18152820091400680973,ola2018992951,0,0,2018,,
"Stehlík, Miloslav",1916-1994,18232823,jk01121010,1916,1994,1947,,
"Lund, Johanna",0-0,186148995977459751959,pag2007371413,0,0,2006,,
"Stavarič, Michael",1972-,190769870,jn20010602990,1972,,2009,,
"Obůrková, Eva",1967-,19115378,jo2002106253,1967,,2004,,
"Lieblová, Dagmar",1929-,19197936,jo20010093668,1929,,1977,,
"Augusta, Stanislav",1915-1990,19525040,jk01010425,1915,1990,1943,,
"Král, Petr",1941-2020,19679709,jk01062798,1941,2020,1991,,
"Ludva, Roman",1966-,19833785,jn19990216115,1966,,1996,,
"Fantová, Jana",0-0,201905275,pna2011669140,0,0,0,,
"Gratowa, Julita",0-0,203147093698625001564,mzk2016922531,0,0,2016,,
"Hájek, Tomáš",1964-,2047787,jn99240000340,1964,,1991,,
"Hlaváček, Karel",1874-1898,20480101,jk01041213,1874,1898,1895,,
"Weissová, Helga",1929-,20594044,jn20000728821,1929,,1991,,
"Sojková, Kamila",1901-2000,208817178,jk01120328,1901,2000,1930,,
"Haraštová, Helena",1987-,210990561,jx20111101007,1987,,2016,,
"Stavinoha, Jan",1945-,218621023,ola2016927078,1945,,2016,,
"Kašparů, Jaroslav Max",1950-,21900463,jn20000401324,1950,,1991,,
"Königgratz, Samuel",1973-,21906507,jo20000080470,1973,,0,,
"Volný, Zdeněk",1946-,22773078,jk01150551,1946,,1980,,
"Ptáčník, Karel",1921-2002,22949364,jk01101653,1921,2002,1954,,
"Fusek, Katja",1968-,23063964,jn20030923033,1968,,0,,
"Uher, Josef",1880-1908,23678867,jk01140621,1880,1908,1906,,
"Zykmund, Václav",1914-1984,24180174,jk01152926,1914,1984,1936,,
"Kašpar, Oldřich",1952-,24621351,jk01053198,1952,,1982,,
"Kramerová, Tereza",0-0,249572236,xx0149410,0,0,2010,,
"Koval, Václav",1907-,25082313,jk01062409,1907,,1955,,
"Malinský, Zbyněk",1923-2005,25190265,jk01073271,1923,2005,1972,,
"Pecková Černá, Martina",1976-,254026413,pna2007403461,1976,,0,,
"Lukeš, Rudolf",1923-1976,254786754,jx20040618022,1923,1976,1996,,
"Chovanec, Jan",1934-,254923489,jn20000400398,1934,,1998,,
"Baldessari Plumlovská, Vojtěška",1854-1934,258918131,jk01010670,1854,1934,1899,,
"Pištora, Jiří",1932-1970,25925233,jk01093233,1932,1970,1961,,
"Kantorek, Pavel",1942-2017,26000206,jn19990009878,1942,2017,1990,,
"Zlatníková, Mirka",1965-,26151533662202770659,xx0219307,1965,,2017,,
"Raus, Daniel",1957-,26288975,jn20010523003,1957,,1992,,
"Doležel, Lubomír",1922-2017,263224184,jk01022665,1922,2017,1960,,
"Drábek, Jan",1935-,264048350,jk01022931,1935,,1992,,
"Hanzlík, Josef",1938-2012,266128409,jk01033544,1938,2012,1961,,
"Kohn, Pavel",1929-2017,266644724,jk01061106,1929,2017,1964,,
"Opolský, Jan",1875-1942,26838869,jk01091213,1875,1942,1899,,
"Erben, Eva",1930-,268484467,jn20011121003,1930,,1994,,
"Menzel, Jiří",1938-2020,268496119,jk01081260,1938,2020,1979,,
"Štyrský, Jindřich",1899-1942,27079482,jk01131599,1899,1942,1927,,
"Boxbergerová, Jana",1948-,27152927,jo20000073762,1948,,1996,,
"Prošková, Denisa",1965-,27224408,pna2006337955,1965,,1996,,
"Jürgens, Zuzana",1975-,27323747,js20011212189,1975,,0,,
"Holub, Emil",1847-1902,27367745,jk01041788,1847,1902,1880,,
"Nývlt, Václav",1930-1999,27569164,jk01090868,1930,1999,1962,,
"Sova, Oldřich",1923-2010,27641306,jn19990209786,1923,2010,1964,,
"Kruntorad, Paul",1935-2006,276508538,jn19990004689,1935,2006,0,,
"Nováková, Zuzana",1943-,27994612,jk01102347,1943,,1965,,
"Matocha, Vojtěch",1989-,28152501059410680499,kv2018987893,1989,,2018,,
"Dobeš, Karel",1922-,28484857,jk01022411,1922,,1949,,
"Truneček, Jan",1933-2011,288227325,jk01140259,1933,2011,1981,,
"Pacovský, Jaroslav",1932-1994,2888034,jk01091461,1932,1994,1962,,
"Kot, Aleš",1986-,289900078,xx0190936,1986,,2014,,
"Paterová, Natálie",1991-,290778878,jo2012733527,1991,,2012,,
"Velčovský, Tom",0-0,29161760167621640452,hka20211105277,0,0,2020,,
"Bořkovcová, Věra",1926-,29212294,xx0044291,1926,,0,,
"Reinerová, Lenka",1916-2008,29567579,jk01102220,1916,2008,1956,,
"Karhanová, Věra",0-0,296597609,mzk2013747566,0,0,2011,,
"Erban, Vojta",1913-1981,297740297,jk01030521,1913,1981,1946,,
"Niklíčková, Alexandra",1978-,298615812,mzk2013751044,1978,,2014,,
"Tošovský, Václav",1912-2007,2991649,jk01132808,1912,2007,1944,,
"Kábrtová, Lidmila",1971-,301923994,xx0169540,1971,,2013,,
"Balážová, Jana",1998-,303181187,jo2013763226,1998,,0,,
"Hilbert, Jaroslav",1871-1936,30334550,jk01041035,1871,1936,1896,,
"Baarová, Lída",1914-2000,30389272,jn19990201010,1914,2000,1991,,
"Opekarová, Aneta",1984-,304253258,ola2013767788,1984,,2014,,
"Patrný, Jan",1877-1929,306138731,jk01091929,1877,1929,1899,,
"Šmejkal, Jaromír Václav",1902-1941,306139031,jk01130524,1902,1941,1920,,
"Toucová, Joža",1878-1960,306139107,jk01132815,1878,1960,1914,,
"Trojanová, Jiřina",1921-,306139113,jk01140199,1921,,1953,,
"Krnínský, Jan Matěj",1968-,306140808,jo2005267834,1968,,2001,,
"Culek, Jaroslav",1926-,306142286,ola200207982,1926,,1963,,
"Brodecká, Lenka",1972-,306142717,xx0015088,1972,,2003,,
"Pánek, Josef",1966-,306299235,jo2014802119,1966,,2013,,
"Hons, Josef",1907-2001,309809082,jk01041936,1907,2001,1940,,
"Frýba, Libor",1958-,309868278,mzk2014830702,1958,,2013,,
S.d.Ch.,1970-,310733775,jo2014836492,1970,,2007,,
Viktorie P.,0-0,310733804,jo2014837679,0,0,2014,,
"Daněk, Karel",1928-,311117342,jk01022013,1928,,1961,,
"Pilařová, Ivana",0-0,311482385,mzk2014843438,0,0,2012,,
"Čumba, Ladislav",1976-,316019812,osa2017943178,1976,,2016,,
"Hájek, Jiří",1919-1994,32407590,jk01033050,1919,1994,1944,,
"Janovic, Vladimír",1935-,32409418,jk01051097,1935,,1968,,
"Tomek, Václav Vladivoj",1818-1905,3247552,jk01132708,1818,1905,1842,,
"Kuťák, Jaroslav",1956-,32902868,jn20000620195,1956,,1992,,
"Fibich, Ondřej",1954-,3306743,jn19981001105,1954,,1990,,
"Ruggiero, Mauro",1979-,33157098518772552323,ola2011618677,1979,,2010,,
"Chaloupek, Václav",1949-,3409309,jn20000710018,1949,,1993,,
"Boušek, Karel",1922-2003,34499082,jk01012828,1922,2003,1940,,
"Vojtěchovská, Kateřina",0-0,34697782,xx0026778,0,0,0,,
"Tille, Václav",1867-1937,35494942,jk01132468,1867,1937,1892,,
"Jesenská, Růžena",1863-1940,35981781,jk01051565,1863,1940,1882,,
"Marek, Josef Jaroslav",0-0,36136199,jx20070730024,0,0,1992,,
"Bartíková, Petra",1984-,36152380037401760664,xx0213734,1984,,2017,,
"Šťastný, Alfons Bohumil",1866-1922,36824138,jk01131099,1866,1922,1890,,
"Mařánek, Jiří",1891-1959,37409049,jk01080431,1891,1959,1924,,
"Karous, Antonín",1946-,37570182,xx0150786,1946,,1987,,
"Havlíček, Zbyněk",1922-1969,37741320,jk01040359,1922,1969,1994,,
"Weinberg, Felix Jiri",1928-2012,37903018,xx0095084,1928,2012,2020,,
"Tichý, Jan",1941-,39015741,xx0024952,1941,,1991,,
"Hořejší, Jindřich",1886-1941,39372176,jk01042329,1886,1941,1921,,
"Gaucheron, Jacques",1920-2009,39377589,xx0115952,1920,2009,0,,
"Beneš, Edvard",1884-1948,39418979,jk01011576,1884,1948,1909,,
"Faktor, Jan",1951-,41967147,jn20020723132,1951,,2015,,
"Haas, Ursula",1943-,41981584,ola2010590899,1943,,0,,
"Ludvík, Emil",1917-2007,42328858,jk01072547,1917,2007,0,,
"Přibský, Vladimír",1932-,42395920,jk01101522,1932,,1960,,
"Kolmačka, Pavel",1962-,42764315,jn19990209373,1962,,1994,,
"Burger, Adolf",1917-2016,42774237,xx0036325,1917,2016,1945,,
"Baluch, Jacek",1940-2019,43186080,jn20011018424,1940,2019,1981,,
"Medek, Ivan",1925-2010,44239735,jk01081023,1925,2010,1968,,
"Kostohryz, Josef",1907-1987,45384528,jk01062013,1907,1987,1934,,
"Hurdová, Veronika",1983-,465160667654403560000,ola2013752827,1983,,2013,,
"Fischer, Otokar",1883-1938,46774067,jk01031286,1883,1938,1908,,
"Harant z Polžic a Bezdružic, Kryštof",1564-1621,46896844,jk01040008,1564,1621,1854,,
"Rilke, Rainer Maria",1875-1926,46897170,jn19990007038,1875,1926,1908,,
"Neborová, Hana",0-0,47060694,xx0050193,0,0,1979,,
"Čačalová, Libuše",1950-,47177029,xx0039833,1950,,0,,
"Rosůlek, Jan Václav",1894-1958,47518703,jk01102758,1894,1958,1923,,
"Eversz, Robert",0-0,47829441,xx0066778,0,0,2007,,
"Jílek, Jan",1933-2011,48253367,jk01051690,1933,2011,1966,,
"Šafhauser, Ivan",0-0,49071972,xx0068541,0,0,1983,,
"Patočka, Jan",1907-1977,49229907,jk01091914,1907,1977,1936,,
"Veis, Jaroslav",1946-,49637039,jk01141898,1946,,1976,,
"Hončík, Eduard",1914-1988,49697540,jk01041918,1914,1988,1959,,
"Grosman, Ladislav",1921-1981,49741669,jk01032726,1921,1981,1965,,
"Jilemnický, Peter",1901-1949,50020047,jk01051711,1901,1949,1921,,
"Hilská, Vlasta",1909-1968,50034902,jk01041061,1909,1968,1939,,
"Neff, Ondřej",1945-,5084664,jk01082907,1945,,1978,,
"Vejvoda, Jiří",1951-,50864693,jo2002107920,1951,,1987,,
"Martinek, Libor",1965-,51030624,mzk2002106085,1965,,2001,,
"Peychlová, Bohumíra",1935-,51194307,jk01092920,1935,,1964,,
"Chase, Věra",1970-,51323261,jn19990201025,1970,,1997,,
"Čapek, Jindra",1953-,5133978,jn19981002508,1953,,1991,,
"Dudák, Vladislav",1958-,51936831,jn19990209163,1958,,1994,,
"Janouch, Katerina",1964-,52024031,mzk2005286862,1964,,2005,,
"Neumann, Miroslav",1921-2009,52225504,jk01090069,1921,2009,1976,,
"Ginz, Petr",1928-1944,52820028,xx0032074,1928,1944,2007,,
"Groszová, Sylva",1926-1994,53014596,jk01032744,1926,1994,1961,,
"Volf, Pavel",0-0,53394797,kv2014821715,0,0,2004,,
"Slíva, Vít",1951-,5339744,jn19990209773,1951,,1984,,
"Hlávka, Miloš",1907-1945,53714100,jk01041268,1907,1945,1937,,
"Nádvorníková, Alena",1942-,54034298,jn99240000799,1942,,1966,,
"Dubrovskij, Konstantin Vladimirovič",1879-1943,54149415180689552526,js2017949725,1879,1943,1920,,
"Štejnar, Jaromír",1986-,54149912337206210344,hka2017956713,1986,,2017,,
"Gospodinov, Georgi",1968-,54360545,jo2003168162,1968,,2004,,
"Denk, Petr",1902-1955,54604926,jk01022207,1902,1955,1936,,
"Hořká, Ludmila",1892-1966,55092098,jk01042358,1892,1966,1943,,
"Bauerová, Anna",1929-,5534350,jk01011176,1929,,1978,,
"Kistlerová, Věra",1929-2006,55587687,jk01060216,1929,2006,1982,,
"Zídek, Karel",1928-2001,5651137,jk01152581,1928,2001,1977,,
"Voisine-Jechová, Hana",1927-,56620643,jn19981001550,1927,,1959,,
"Sláma, Jiří",1966-,57691572,mzk2005273206,1966,,2004,,
"Opasek, Anastáz",1913-1999,5806998,jk01091154,1913,1999,1992,,
"Rudčenková, Kateřina",1976-,58759293,jn20000402142,1976,,1999,,
"Zábranský, Adolf",1909-1981,59545548,jk01151856,1909,1981,1939,,
"Urban, Josef",1965-,59638029,xx0037995,1965,,1993,,
"Skála, Ivan",1922-1997,59885078,jk01111412,1922,1997,1946,,
"Moc, Stanislav",1945-,60026438,jk01081932,1945,,1999,,
"Bojar, Pavel",1919-1999,60078708,jk01012565,1919,1999,1942,,
"Železný, Ivo",1950-,60502894,jk01153088,1950,,1983,,
"Zhoř, Antonín",1896-1965,61102534,jk01152571,1896,1965,1930,,
"Cikán, Ondřej",1985-,6128432,jo2011634990,1985,,2020,,
"Heisler, Jindřich",1914-1953,61540042,jk01040527,1914,1953,1945,,
"Rejchrt, Miloš",1946-,61595680,jn19990216153,1946,,1997,,
"Knížák, Milan",1940-,61655780,jk01060827,1940,,1989,,
"Taufer, Jiří",1911-1986,62321237,jk01132099,1911,1986,1928,,
"Schneiderová, Dagmar Marie",1957-,62641030,mzk2002139619,1957,,2002,,
"Siebert, Oskar",1942-,62657302,ola2017938923,1942,,2016,,
"Dědič, Miroslav",1925-,63029679,xx0006688,1925,,1975,,
"Poledňáková, Marie",1941-,6345939,jk01100474,1941,,1984,,
"Hubač, Jiří",1929-2011,6384368,jk01043105,1929,2011,1965,,
"Chmelová, Elena",1920-1995,64003586,ola2002150689,1920,1995,1960,,
"Chvatík, Květoslav",1930-2012,64021459,jk01050435,1930,2012,1962,,
"Klaus, Václav",1941-,64070163,jn19990218045,1941,,1967,,
"Hrabě, Václav",1940-1965,64263031,jk01042592,1940,1965,1969,,
"Kopecký, Jan",1919-1992,64296804,jk01061662,1919,1992,1944,,
"Zmatlíková, Helena",1923-2005,64492033,jk01152754,1923,2005,1951,,
"Kočí, Marta",1945-,64562977,jo20000074150,1945,,0,,
"Nevrlý, Miloslav",1933-,64567862,jk01090140,1933,,1961,,
"Petříček, Miroslav",1951-,64698920,jn99240000872,1951,,1991,,
"Křížková, Marie Rút",1936-2020,64709622,jk01070205,1936,2020,1991,,
"Matouš, Kryštof",1930-2020,64850702,jx20050815009,1930,2020,1998,,
"Konečný, Jaromír",1956-,64922630,js20020923017,1956,,2008,,
"Formanová, Martina",1966-,64926803,xx0001020,1966,,2002,,
"Waczków, Józef",1933-2004,65317511,jn20010601658,1933,2004,0,,
"Burian, Karel Vladimír",1923-2000,667928,jk01020380,1923,2000,1948,,
"Klimeš, Jan",1980-,66801849,mzk2007417580,1980,,2015,,
"Cima, Anna",1991-,67153893733702292592,xx0226998,1991,,2018,,
"Spilka, Josef",1899-1986,68816836,jk01120678,1899,1986,1925,,
"Lešehrad, Emanuel",1877-1955,68922834,jk01071938,1877,1955,1898,,
"Havel, Jiří",1924-2016,68951541,jk01040225,1924,2016,1949,,
"Perry, Jaroslav",1956-,69146822291607381868,xx0204179,1956,,2015,,
"Stehlík, Ladislav",1908-1987,69341267,jk01121008,1908,1987,1930,,
"Vlasák, Jan",1965-,69864935,jn20031215032,1965,,2012,,
"Votýpka, Vladimír",1932-,70109575,jn20010309654,1932,,1995,,
"Šubert, František Adolf",1849-1915,70325512,jk01131606,1849,1915,1870,,
"Trnková, Klára",1949-,70337121,jo2008427188,1949,,2007,,
"Schulzová, Anežka",1868-1905,70349387,jk01111173,1868,1905,1896,,
"Hostomská, Anna",1907-1995,70507832,jk01042398,1907,1995,1955,,
"Fucimanová, Milena",1944-,7101108,jk01032097,1944,,1998,,
"Janda, Josef",1950-,7126254,jn19990009862,1950,,1980,,
"Hrdličková, Věna",1924-2016,71392391,jk01042762,1924,2016,1957,,
"Teige, Karel",1900-1951,71440231,jk01132144,1900,1951,1923,,
"Čada, Jaroslav",0-0,72415131,jx20051209018,0,0,1992,,
"Preisner, Rio",1925-2007,73893059,jk01101023,1925,2007,1968,,
"Šašek, Miroslav",1916-1980,73979757,jk01122538,1916,1980,1947,,
"Catalano, Alessandro",1970-,74029119,js20030317020,1970,,2008,,
"Holub, Josef",1926-2010,74092731,jn19990009839,1926,2010,1998,,
"Jelínek, Hanuš",1878-1944,74119393,jz3701033,1878,1944,1898,,
"Dušek, Václav",1944-,74261742,jk01023424,1944,,1973,,
"Adamíra, Jiří",1926-1993,74412179,jk01010102,1926,1993,1971,,
"Konůpek, Michael",1948-,7444399,jn20000620172,1948,,1996,,
"Léger, Louis",1843-1923,7470950,jo20000080640,1843,1923,1907,,
"Křička, Petr",1884-1949,74725966,jk01070074,1884,1949,1916,,
"Denková, Melita",1951-,74962034,jn20020716688,1951,,2002,,
"Kubašta, Vojtěch",1914-1992,75512487,jk01070261,1914,1992,1956,,
"Nápravník, Milan",1931-2017,7555911,jk01082697,1931,2017,1966,,
"Cílek, Václav",1955-,75786467,jo20000080776,1955,,1989,,
"Könner, Alfred",1921-2008,76317866,jx20051024004,1921,2008,1982,,
"Morava, Jiří",1932-2012,76336303,jk01082028,1932,2012,1991,,
"Slavík, Ivan",1920-2002,76392272,jk01111857,1920,2002,1947,,
"Horák, Jiří",1884-1975,76444874,jk01042072,1884,1975,1900,,
"Janáček, Leoš",1854-1928,76500434,jk01050745,1854,1928,1887,,
"Štochl, Sláva",1913-1990,76837286,jk01131447,1913,1990,1947,,
"Zlámaný, Svatopluk",1933-2004,76929616,jk01152736,1933,2004,1977,,
"Kopta, Josef",1894-1962,77122968,jk01061753,1894,1962,1920,,
"Prachatická, Markéta",1953-,77123146,jn19981002033,1953,,1986,,
"Kozák, Roman",1965-,77468167,jn20000401457,1965,,1995,,
"Hankó, Ludmilla",1932-,78318911,jx20071211004,1932,,0,,
"Čichoň, Petr",1969-,78431791,jn99240001700,1969,,1995,,
"Troska, J. M.",1881-1961,78666601,jk01140213,1881,1961,1919,,
"Foustka, Ivan",1928-1994,79520717,jk01031647,1928,1994,1961,,
"Osoha, Karel",1991-,8148389448110712118,osa2016936181,1991,,2017,,
"Pilous, Jiří",1958-,81492768,jo2009480579,1958,,2004,,
"Říčanová, Tereza",1974-,81625878,jn20020903057,1974,,2002,,
"Cita, Jaroslav",1926-2013,83652383,hka0078319,1926,2013,1960,,
"Brabec, Adolf",1875-1928,83673562,jk01012877,1875,1928,1894,,
"Černý, Karel",1912-1996,83687589,jk01021588,1912,1996,1938,,
"Dragoni Křenovský, Jakub",1808-1871,83696656,jk01022946,1808,1871,1869,,
"Fabián, Karel",1912-1983,83704018,jk01030624,1912,1983,1937,,
"Horníková, Anna",1897-1978,83738079,jk01042245,1897,1978,1954,,
"Horská, Jiřina",1876-1960,83738235,jk01042264,1876,1960,1900,,
"Jaeger, Jiří",0-0,83750058,jk01050607,0,0,1963,,
"Janovský, Jaroslav",1911-1962,83753693,jk01051113,1911,1962,1941,,
"Jarošová, Inka",-1972,83754915,jk01051277,0,1972,1993,,
"Kapek, Miroslav",1926-1997,83765775,jk01052889,1926,1997,1972,,
"Kavalírová, Antonie",1804-1879,83768556,jk01053284,1804,1879,1929,,
"Lacigová, Marie",1928-2020,83803500,jk01071348,1928,2020,1983,,
"Mareš, Jan",1914-1986,83818472,jk01080181,1914,1986,1937,,
"Mareš, Jaroslav",1937-,83818515,jk01080189,1937,,1975,,
"Možný, Jan",1822-1863,83832671,jk01082217,1822,1863,1852,,
"Novák, Jiří Zdeněk",1912-2001,83842592,jk01090423,1912,2001,1938,,
"Nový, Jan",1924-,83845143,jk01090805,1924,,1950,,
"Pechar, Ivo",1938-,83855809,jk01092322,1938,,1980,,
"Radil, Tomáš",1930-,83876548,jk01101889,1930,,1963,,
"Šimková, Dagmar",1929-1995,83921127,jk01130076,1929,1995,1991,,
"Špaček, Václav",1856-1939,83926445,jk01130824,1856,1939,1880,,
"Špetová, Marie",1912-1966,83926864,jk01130883,1912,1966,1950,,
"Tomek, Ferdinand",1860-1940,83938995,jk01132698,1860,1940,1891,,
"Vetiška, Rudolf",1895-1966,83955247,jk01142240,1895,1966,1953,,
"Vik, Jan",1901-1975,83955898,jk01142336,1901,1975,1939,,
"Zvelebil, Kamil Veith",1927-2009,83976985,jk01152883,1927,2009,1957,,
"Žantovský, Michael",1949-,83978108,jk01153044,1949,,1990,,
"Dagan, Avigdor",1912-2006,83981379,jn19981000553,1912,2006,0,,
"Halama, Theofil",1932-2017,83996933,jn19990010066,1932,2017,1998,,
"Gerzanic-Hons, Hana",1928-,84008042,jn20000400770,1928,,1996,,
"Pacnerová, Jana",1955-,84049930,jn20000810168,1955,,2013,,
"Tetourová, Marie",0-0,84053830,jn20001005512,0,0,1988,,
"Bozděchová, Ivana",1960-,84053946,jn20001005525,1960,,1994,,
"Bícová, Ráchel",0-0,84062537,jn20001227371,0,0,2000,,
"Munková, Alena",1926-2008,84066436,jn20010309163,1926,2008,1991,,
"Dudek, Adolf",1964-,84070032,jn20010309777,1964,,1992,,
"Jelínková, Hanka",1961-,84071524,jn20010310137,1961,,2001,,
"Hrádok, Pavel",1907-1953,84081829,jn20011210002,1907,1953,0,,
"Císařovský, Michal",0-0,84116717,jo20000080330,0,0,1982,,
"Jílek, Zdeněk",1936-2004,84121292,jo20000082873,1936,2004,1960,,
"Janáková, Daniela",1952-,84127477,jo20010087067,1952,,1992,,
"Souveier, Joseph de",1763-1853,84146510,jo2003163175,1763,1853,1992,,
"Oda, Milena",1975-,84171773,jo2005273670,1975,,2011,,
"Vrak, Jan",1967-,84177241,jo2006321116,1967,,1990,,
"Rudyard, Edwin",1895-1967,84182999,jo2006333920,1895,1967,1937,,
"Noha, Jiří",1935-,84206614,jo2009480538,1935,,1987,,
"Olša, Jaroslav",1938-,84231363,js20040119006,1938,,2003,,
"Bártů, Jitka",1974-,84232377,js20040607003,1974,,2004,,
"Hadj Moussa, Iva",1979-,84263101,js20070622001,1979,,2009,,
"Škodová, Helena",1955-,84296617,jx20040618039,1955,,1976,,
"Kaňová, Ilona",0-0,84309435,jx20041115015,0,0,1992,,
"Loket, Jiří",0-0,84309777,jx20041118025,0,0,1992,,
"Sedláková, Majka",0-0,84355019,jx20060301021,0,0,1992,,
"Květenský, Vítězslav",0-0,84366929,jx20061206005,0,0,1989,,
"Javor, Vladimír",0-0,84380205,jx20070802005,0,0,1992,,
"Horáková, Pavla",1974-,84382393,jx20070904014,1974,,2010,,
"Kopl, Petr",1976-,84409748,jx20080407021,1976,,2010,,
"Hálová, Helena",0-0,84421555,jx20080813012,0,0,1993,,
"Kudrlová, Jaroslava",0-0,84421572,jx20080813014,0,0,1993,,
"Janková, Helena",0-0,84424480,jx20080901008,0,0,1992,,
"Jarchovská, Vlasta",0-0,84424498,jx20080901009,0,0,1991,,
"Roudenská, Hana",0-0,84424548,jx20080901014,0,0,1994,,
"Tomanová, Nasťa",0-0,84424569,jx20080901016,0,0,1993,,
"Veselá, Magda",0-0,84424595,jx20080901019,0,0,1993,,
"Řezníčková, Marie",0-0,84424609,jx20080901021,0,0,1992,,
"Gajdošíková, Věra",0-0,84544851,mzk2003181335,0,0,1988,,
"Štulcová, Renata",1969-,84555015,mzk2003194949,1969,,2003,,
"Mlynářová, Marcela",1948-,84572726,mzk2004221752,1948,,1999,,
"Černý, Miroslav",1977-,84581442,mzk2004236886,1977,,2005,,
"Stará, Ester",1969-,84597725,mzk2004261153,1969,,2002,,
"Rowinská-Kotková, Věra",0-0,84634151,mzk2005299258,0,0,1992,,
"Novotná, Anna",1959-,84644389,mzk2005312651,1959,,2008,,
"Skopec, František",1953-,84654422,mzk2006322879,1953,,2007,,
"Panchártková, Lada",0-0,84655336,mzk2006322984,0,0,2005,,
"Pospíšilová, Zuzana",1975-,84660684,mzk2006331486,1975,,2005,,
"Kuzmová, Alena",1956-,84662749,mzk2006331732,1956,,2006,,
"Kabátová, Veronika",1986-,84664690,mzk2006337146,1986,,2006,,
"Neuberger, Karel",1961-,84680793,mzk2006355949,1961,,2006,,
"Kimla, Jiří",1947-,84683630,mzk2006363450,1947,,2002,,
Vhrsti,1975-,84688060,mzk2006368217,1975,,2007,,
"Cusumano, Inéz",1968-,84692107,mzk2007377407,1968,,2006,,
"Pown, Ian K.",0-0,84692111,mzk2007377408,0,0,2006,,
"Skálová, Pavla",0-0,84702478,mzk2007386217,0,0,2007,,
"Tůmová, Magdaléna",1950-,84707616,mzk2007394792,1950,,2007,,
"Schejbalová, Alena",0-0,84755001,mzk2008464036,0,0,1997,,
"Loderová, Ludmila",0-0,84769587,mzk2008486560,0,0,2008,,
"Janyšková, Anna",1981-,84775257,mzk2009492155,1981,,0,,
"Šindelářová, Olga",1957-,84785081,mzk2009502588,1957,,2008,,
"Javorková, Veronika",0-0,84997540,ola2003198108,0,0,0,,
"Halama, Zdeněk",1948-,85140546,pna2008467044,1948,,2009,,
"Stoličný, Peter",1945-,85314960,xx0001345,1945,,1997,,
"Ondrušková, Ivona",0-0,85323740,xx0002925,0,0,1998,,
"Roučka, Adam",1980-,85371890,xx0010955,1980,,1999,,
"Kašák, Jindřich",0-0,85382458,xx0012843,0,0,1990,,
"Lachoutová Ričlová, Irena",1982-,85400568,xx0015782,1982,,2003,,
"Olahová, Erika",1957-,85440922,xx0022174,1957,,2004,,
"Heller, Jiří",1957-,85469532,xx0027260,1957,,1992,,
"Kuhar Daňhelová, Lenka",1973-,85472061,xx0027684,1973,,2004,,
"Morkes, Petr",1973-,85476059,xx0028602,1973,,2009,,
"Langer, Jiří",1979-,85484556,xx0030059,1979,,2006,,
"Skálová, Alžběta",1982-,85509465,xx0033835,1982,,2009,,
"Bubakoff, Max",1971-,85540275,xx0038363,1971,,2005,,
"Štefančík, Michal",1946-,85583430,xx0044729,1946,,2006,,
"Quis, Josef",1964-,85588310,xx0045711,1964,,1991,,
"Beneš, Arnošt",0-0,85644911,xx0053478,0,0,1986,,
"Křišťanová, Dita",1980-,85741639,xx0067718,1980,,2011,,
"Semotamová, Tereza",1983-,85745146,xx0068269,1983,,2013,,
"Hanišová, Viktorie",1980-,85748698,xx0068787,1980,,2015,,
"Klempera, Pavel",1958-,85753129,xx0069666,1958,,2011,,
"Chludilová, Kristýna",1906-1981,85815849,xx0078366,1906,1981,0,,
"French, Alfred",1917-1997,87697716,jn19990216050,1917,1997,0,,
"Kovályová, Heda",1919-2010,88049891,jk01062415,1919,2010,1992,,
"Levine, Karen",1955-,88082357,xx0012650,1955,,2003,,
"Provazníková, Věra",1947-,8855583,jk01101403,1947,,1969,,
"Buddeus, Ondřej",1984-,88561011,jo2009330629,1984,,2011,,
"Hájek, Petr P.",1951-,8929677,jk01033079,1951,,1975,,
"Cibula, Václav",1925-2009,89808540,jk01020636,1925,2009,1955,,
"Kavková, Marie",1921-2000,90027907,jk01053327,1921,2000,1965,,
"Baránková, Vlasta",1943-,91836340,jn19981000214,1943,,2001,,
"Maňásek, Luděk",1929-2003,92117284,jk01080010,1929,2003,1979,,
"Sviták, Ivan",1925-1994,92685980,jk01121907,1925,1994,1950,,
"Zapletal, Zdeněk",1951-,92750467,jk01152134,1951,,1980,,
"Kafka, František",1909-1991,93360343,jk01052503,1909,1991,1946,,
"Hodek, Břetislav",1924-2007,94612264,jk01041453,1924,2007,1947,,
"Becher, Peter",1952-,94644478,jn19990000621,1952,,2019,,
"Ní Dhomhnaill, Nuala",1952-,94779115,kup20020000070241,1952,,0,,
"Papoušek, Dušan",1930-2010,94851869,jk01091725,1930,2010,1961,,
"Smetana, Bedřich",1824-1884,95207407,jk01120043,1824,1884,1896,,
"Pacovská, Květa",1928-,96707922,jk01091455,1928,,1984,,
"Hachenburg, Hanuš",1929-1944,96947456,xx0101392,1929,1944,2010,,
"Fantlová, Zdenka",1922-,97805363,jn19990209177,1922,,1996,,
"Vejvoda, Jaroslav",1940-,98279065,jk01141939,1940,,1990,,
"Wagnerová, Alena",1936-,98287423,jk01151341,1936,,1968,,
"Weislitzová-Lustigová, Věra",1927-2009,98366732,ola200208507,1927,2009,1994,,
"Hrdlička, Zdeněk",1919-1999,9847942,jk01042759,1919,1999,1941,,
